$ /usr/bin/time -l npm pack rxjs@7.8.1 --pack-destination /Users/yinsijie/CodeRepo/Atlas/local-state/bench/cache
cwd: /Users/yinsijie/CodeRepo/Atlas/local-state/bench/cache
--- stdout ---
rxjs-7.8.1.tgz
--- stderr ---
npm notice
npm notice 📦  rxjs@7.8.1
npm notice Tarball Contents
npm notice 262.3kB CHANGELOG.md
npm notice 3.3kB CODE_OF_CONDUCT.md
npm notice 11.1kB LICENSE.txt
npm notice 3.8kB README.md
npm notice 216B ajax/package.json
npm notice 284.3kB dist/bundles/rxjs.umd.js
npm notice 549.1kB dist/bundles/rxjs.umd.js.map
npm notice 88.0kB dist/bundles/rxjs.umd.min.js
npm notice 224.4kB dist/bundles/rxjs.umd.min.js.map
npm notice 842B dist/cjs/ajax/index.js
npm notice 241B dist/cjs/ajax/index.js.map
npm notice 312B dist/cjs/fetch/index.js
npm notice 150B dist/cjs/fetch/index.js.map
npm notice 35.1kB dist/cjs/index.js
npm notice 6.1kB dist/cjs/index.js.map
npm notice 10.7kB dist/cjs/internal/ajax/ajax.js
npm notice 8.8kB dist/cjs/internal/ajax/ajax.js.map
npm notice 1.4kB dist/cjs/internal/ajax/AjaxResponse.js
npm notice 1.2kB dist/cjs/internal/ajax/AjaxResponse.js.map
npm notice 1.2kB dist/cjs/internal/ajax/errors.js
npm notice 1.0kB dist/cjs/internal/ajax/errors.js.map
npm notice 814B dist/cjs/internal/ajax/getXHRResponse.js
npm notice 664B dist/cjs/internal/ajax/getXHRResponse.js.map
npm notice 110B dist/cjs/internal/ajax/types.js
npm notice 125B dist/cjs/internal/ajax/types.js.map
npm notice 115B dist/cjs/internal/AnyCatcher.js
npm notice 127B dist/cjs/internal/AnyCatcher.js.map
npm notice 2.3kB dist/cjs/internal/AsyncSubject.js
npm notice 1.1kB dist/cjs/internal/AsyncSubject.js.map
npm notice 2.1kB dist/cjs/internal/BehaviorSubject.js
npm notice 885B dist/cjs/internal/BehaviorSubject.js.map
npm notice 330B dist/cjs/internal/config.js
npm notice 266B dist/cjs/internal/config.js.map
npm notice 952B dist/cjs/internal/firstValueFrom.js
npm notice 698B dist/cjs/internal/firstValueFrom.js.map
npm notice 969B dist/cjs/internal/lastValueFrom.js
npm notice 731B dist/cjs/internal/lastValueFrom.js.map
npm notice 3.5kB dist/cjs/internal/Notification.js
npm notice 2.4kB dist/cjs/internal/Notification.js.map
npm notice 817B dist/cjs/internal/NotificationFactories.js
npm notice 612B dist/cjs/internal/NotificationFactories.js.map
npm notice 4.0kB dist/cjs/internal/Observable.js
npm notice 2.9kB dist/cjs/internal/Observable.js.map
npm notice 424B dist/cjs/internal/observable/bindCallback.js
npm notice 303B dist/cjs/internal/observable/bindCallback.js.map
npm notice 3.9kB dist/cjs/internal/observable/bindCallbackInternals.js
npm notice 1.9kB dist/cjs/internal/observable/bindCallbackInternals.js.map
npm notice 443B dist/cjs/internal/observable/bindNodeCallback.js
npm notice 313B dist/cjs/internal/observable/bindNodeCallback.js.map
npm notice 3.2kB dist/cjs/internal/observable/combineLatest.js
npm notice 2.1kB dist/cjs/internal/observable/combineLatest.js.map
npm notice 499B dist/cjs/internal/observable/concat.js
npm notice 349B dist/cjs/internal/observable/concat.js.map
npm notice 1.2kB dist/cjs/internal/observable/connectable.js
npm notice 986B dist/cjs/internal/observable/connectable.js.map
npm notice 3.4kB dist/cjs/internal/observable/ConnectableObservable.js
npm notice 1.9kB dist/cjs/internal/observable/ConnectableObservable.js.map
npm notice 427B dist/cjs/internal/observable/defer.js
npm notice 333B dist/cjs/internal/observable/defer.js.map
npm notice 1.6kB dist/cjs/internal/observable/dom/animationFrames.js
npm notice 1.1kB dist/cjs/internal/observable/dom/animationFrames.js.map
npm notice 3.1kB dist/cjs/internal/observable/dom/fetch.js
npm notice 1.6kB dist/cjs/internal/observable/dom/fetch.js.map
npm notice 342B dist/cjs/internal/observable/dom/webSocket.js
npm notice 257B dist/cjs/internal/observable/dom/webSocket.js.map
npm notice 9.3kB dist/cjs/internal/observable/dom/WebSocketSubject.js
npm notice 6.3kB dist/cjs/internal/observable/dom/WebSocketSubject.js.map
npm notice 596B dist/cjs/internal/observable/empty.js
npm notice 544B dist/cjs/internal/observable/empty.js.map
npm notice 2.2kB dist/cjs/internal/observable/forkJoin.js
npm notice 1.5kB dist/cjs/internal/observable/forkJoin.js.map
npm notice 379B dist/cjs/internal/observable/from.js
npm notice 321B dist/cjs/internal/observable/from.js.map
npm notice 3.3kB dist/cjs/internal/observable/fromEvent.js
npm notice 2.4kB dist/cjs/internal/observable/fromEvent.js.map
npm notice 1.1kB dist/cjs/internal/observable/fromEventPattern.js
npm notice 822B dist/cjs/internal/observable/fromEventPattern.js.map
npm notice 400B dist/cjs/internal/observable/fromSubscribable.js
npm notice 319B dist/cjs/internal/observable/fromSubscribable.js.map
npm notice 3.7kB dist/cjs/internal/observable/generate.js
npm notice 1.1kB dist/cjs/internal/observable/generate.js.map
npm notice 328B dist/cjs/internal/observable/iif.js
npm notice 327B dist/cjs/internal/observable/iif.js.map
npm notice 9.7kB dist/cjs/internal/observable/innerFrom.js
npm notice 2.9kB dist/cjs/internal/observable/innerFrom.js.map
npm notice 503B dist/cjs/internal/observable/interval.js
npm notice 391B dist/cjs/internal/observable/interval.js.map
npm notice 866B dist/cjs/internal/observable/merge.js
npm notice 663B dist/cjs/internal/observable/merge.js.map
npm notice 361B dist/cjs/internal/observable/never.js
npm notice 270B dist/cjs/internal/observable/never.js.map
npm notice 432B dist/cjs/internal/observable/of.js
npm notice 347B dist/cjs/internal/observable/of.js.map
npm notice 1.5kB dist/cjs/internal/observable/onErrorResumeNext.js
npm notice 947B dist/cjs/internal/observable/onErrorResumeNext.js.map
npm notice 280B dist/cjs/internal/observable/pairs.js
npm notice 278B dist/cjs/internal/observable/pairs.js.map
npm notice 509B dist/cjs/internal/observable/partition.js
npm notice 421B dist/cjs/internal/observable/partition.js.map
npm notice 1.5kB dist/cjs/internal/observable/race.js
npm notice 1.1kB dist/cjs/internal/observable/race.js.map
npm notice 1.1kB dist/cjs/internal/observable/range.js
npm notice 942B dist/cjs/internal/observable/range.js.map
npm notice 682B dist/cjs/internal/observable/throwError.js
npm notice 599B dist/cjs/internal/observable/throwError.js.map
npm notice 1.4kB dist/cjs/internal/observable/timer.js
npm notice 1.1kB dist/cjs/internal/observable/timer.js.map
npm notice 733B dist/cjs/internal/observable/using.js
npm notice 590B dist/cjs/internal/observable/using.js.map
npm notice 2.9kB dist/cjs/internal/observable/zip.js
npm notice 1.7kB dist/cjs/internal/observable/zip.js.map
npm notice 113B dist/cjs/internal/Operator.js
npm notice 123B dist/cjs/internal/Operator.js.map
npm notice 1.7kB dist/cjs/internal/operators/audit.js
npm notice 1.3kB dist/cjs/internal/operators/audit.js.map
npm notice 498B dist/cjs/internal/operators/auditTime.js
npm notice 352B dist/cjs/internal/operators/auditTime.js.map
npm notice 1.1kB dist/cjs/internal/operators/buffer.js
npm notice 792B dist/cjs/internal/operators/buffer.js.map
npm notice 3.6kB dist/cjs/internal/operators/bufferCount.js
npm notice 1.4kB dist/cjs/internal/operators/bufferCount.js.map
npm notice 4.1kB dist/cjs/internal/operators/bufferTime.js
npm notice 2.2kB dist/cjs/internal/operators/bufferTime.js.map
npm notice 2.6kB dist/cjs/internal/operators/bufferToggle.js
npm notice 1.3kB dist/cjs/internal/operators/bufferToggle.js.map
npm notice 1.3kB dist/cjs/internal/operators/bufferWhen.js
npm notice 1.0kB dist/cjs/internal/operators/bufferWhen.js.map
npm notice 1.1kB dist/cjs/internal/operators/catchError.js
npm notice 878B dist/cjs/internal/operators/catchError.js.map
npm notice 258B dist/cjs/internal/operators/combineAll.js
npm notice 187B dist/cjs/internal/operators/combineAll.js.map
npm notice 1.7kB dist/cjs/internal/operators/combineLatest.js
npm notice 628B dist/cjs/internal/operators/combineLatest.js.map
npm notice 446B dist/cjs/internal/operators/combineLatestAll.js
npm notice 281B dist/cjs/internal/operators/combineLatestAll.js.map
npm notice 1.2kB dist/cjs/internal/operators/combineLatestWith.js
npm notice 328B dist/cjs/internal/operators/combineLatestWith.js.map
npm notice 1.4kB dist/cjs/internal/operators/concat.js
npm notice 504B dist/cjs/internal/operators/concat.js.map
npm notice 273B dist/cjs/internal/operators/concatAll.js
npm notice 229B dist/cjs/internal/operators/concatAll.js.map
npm notice 447B dist/cjs/internal/operators/concatMap.js
npm notice 368B dist/cjs/internal/operators/concatMap.js.map
npm notice 529B dist/cjs/internal/operators/concatMapTo.js
npm notice 392B dist/cjs/internal/operators/concatMapTo.js.map
npm notice 1.1kB dist/cjs/internal/operators/concatWith.js
npm notice 311B dist/cjs/internal/operators/concatWith.js.map
npm notice 848B dist/cjs/internal/operators/connect.js
npm notice 650B dist/cjs/internal/operators/connect.js.map
npm notice 350B dist/cjs/internal/operators/count.js
npm notice 393B dist/cjs/internal/operators/count.js.map
npm notice 1.6kB dist/cjs/internal/operators/debounce.js
npm notice 1.1kB dist/cjs/internal/operators/debounce.js.map
npm notice 1.7kB dist/cjs/internal/operators/debounceTime.js
npm notice 1.4kB dist/cjs/internal/operators/debounceTime.js.map
npm notice 759B dist/cjs/internal/operators/defaultIfEmpty.js
npm notice 587B dist/cjs/internal/operators/defaultIfEmpty.js.map
npm notice 513B dist/cjs/internal/operators/delay.js
npm notice 374B dist/cjs/internal/operators/delay.js.map
npm notice 908B dist/cjs/internal/operators/delayWhen.js
npm notice 678B dist/cjs/internal/operators/delayWhen.js.map
npm notice 614B dist/cjs/internal/operators/dematerialize.js
npm notice 414B dist/cjs/internal/operators/dematerialize.js.map
npm notice 1.0kB dist/cjs/internal/operators/distinct.js
npm notice 803B dist/cjs/internal/operators/distinct.js.map
npm notice 1.1kB dist/cjs/internal/operators/distinctUntilChanged.js
npm notice 834B dist/cjs/internal/operators/distinctUntilChanged.js.map
npm notice 483B dist/cjs/internal/operators/distinctUntilKeyChanged.js
npm notice 459B dist/cjs/internal/operators/distinctUntilKeyChanged.js.map
npm notice 924B dist/cjs/internal/operators/elementAt.js
npm notice 669B dist/cjs/internal/operators/elementAt.js.map
npm notice 1.2kB dist/cjs/internal/operators/endWith.js
npm notice 376B dist/cjs/internal/operators/endWith.js.map
npm notice 754B dist/cjs/internal/operators/every.js
npm notice 647B dist/cjs/internal/operators/every.js.map
npm notice 225B dist/cjs/internal/operators/exhaust.js
npm notice 180B dist/cjs/internal/operators/exhaust.js.map
npm notice 350B dist/cjs/internal/operators/exhaustAll.js
npm notice 245B dist/cjs/internal/operators/exhaustAll.js.map
npm notice 1.4kB dist/cjs/internal/operators/exhaustMap.js
npm notice 1.2kB dist/cjs/internal/operators/exhaustMap.js.map
npm notice 608B dist/cjs/internal/operators/expand.js
npm notice 509B dist/cjs/internal/operators/expand.js.map
npm notice 569B dist/cjs/internal/operators/filter.js
npm notice 496B dist/cjs/internal/operators/filter.js.map
npm notice 437B dist/cjs/internal/operators/finalize.js
npm notice 370B dist/cjs/internal/operators/finalize.js.map
npm notice 1.0kB dist/cjs/internal/operators/find.js
npm notice 927B dist/cjs/internal/operators/find.js.map
npm notice 361B dist/cjs/internal/operators/findIndex.js
npm notice 299B dist/cjs/internal/operators/findIndex.js.map
npm notice 850B dist/cjs/internal/operators/first.js
npm notice 676B dist/cjs/internal/operators/first.js.map
npm notice 217B dist/cjs/internal/operators/flatMap.js
npm notice 180B dist/cjs/internal/operators/flatMap.js.map
npm notice 3.2kB dist/cjs/internal/operators/groupBy.js
npm notice 2.6kB dist/cjs/internal/operators/groupBy.js.map
npm notice 523B dist/cjs/internal/operators/ignoreElements.js
npm notice 357B dist/cjs/internal/operators/ignoreElements.js.map
npm notice 628B dist/cjs/internal/operators/isEmpty.js
npm notice 496B dist/cjs/internal/operators/isEmpty.js.map
npm notice 664B dist/cjs/internal/operators/joinAllInternals.js
npm notice 466B dist/cjs/internal/operators/joinAllInternals.js.map
npm notice 861B dist/cjs/internal/operators/last.js
npm notice 675B dist/cjs/internal/operators/last.js.map
npm notice 554B dist/cjs/internal/operators/map.js
npm notice 479B dist/cjs/internal/operators/map.js.map
npm notice 266B dist/cjs/internal/operators/mapTo.js
npm notice 250B dist/cjs/internal/operators/mapTo.js.map
npm notice 885B dist/cjs/internal/operators/materialize.js
npm notice 661B dist/cjs/internal/operators/materialize.js.map
npm notice 430B dist/cjs/internal/operators/max.js
npm notice 523B dist/cjs/internal/operators/max.js.map
npm notice 1.5kB dist/cjs/internal/operators/merge.js
npm notice 635B dist/cjs/internal/operators/merge.js.map
npm notice 412B dist/cjs/internal/operators/mergeAll.js
npm notice 287B dist/cjs/internal/operators/mergeAll.js.map
npm notice 2.6kB dist/cjs/internal/operators/mergeInternals.js
npm notice 1.9kB dist/cjs/internal/operators/mergeInternals.js.map
npm notice 976B dist/cjs/internal/operators/mergeMap.js
npm notice 781B dist/cjs/internal/operators/mergeMap.js.map
npm notice 730B dist/cjs/internal/operators/mergeMapTo.js
npm notice 520B dist/cjs/internal/operators/mergeMapTo.js.map
npm notice 732B dist/cjs/internal/operators/mergeScan.js
npm notice 624B dist/cjs/internal/operators/mergeScan.js.map
npm notice 1.1kB dist/cjs/internal/operators/mergeWith.js
npm notice 309B dist/cjs/internal/operators/mergeWith.js.map
npm notice 430B dist/cjs/internal/operators/min.js
npm notice 523B dist/cjs/internal/operators/min.js.map
npm notice 811B dist/cjs/internal/operators/multicast.js
npm notice 556B dist/cjs/internal/operators/multicast.js.map
npm notice 981B dist/cjs/internal/operators/observeOn.js
npm notice 767B dist/cjs/internal/operators/observeOn.js.map
npm notice 1.5kB dist/cjs/internal/operators/onErrorResumeNextWith.js
npm notice 473B dist/cjs/internal/operators/onErrorResumeNextWith.js.map
npm notice 3.1kB dist/cjs/internal/operators/OperatorSubscriber.js
npm notice 1.6kB dist/cjs/internal/operators/OperatorSubscriber.js.map
npm notice 651B dist/cjs/internal/operators/pairwise.js
npm notice 550B dist/cjs/internal/operators/pairwise.js.map
npm notice 444B dist/cjs/internal/operators/partition.js
npm notice 398B dist/cjs/internal/operators/partition.js.map
npm notice 879B dist/cjs/internal/operators/pluck.js
npm notice 730B dist/cjs/internal/operators/pluck.js.map
npm notice 491B dist/cjs/internal/operators/publish.js
npm notice 423B dist/cjs/internal/operators/publish.js.map
npm notice 593B dist/cjs/internal/operators/publishBehavior.js
npm notice 387B dist/cjs/internal/operators/publishBehavior.js.map
npm notice 537B dist/cjs/internal/operators/publishLast.js
npm notice 359B dist/cjs/internal/operators/publishLast.js.map
npm notice 817B dist/cjs/internal/operators/publishReplay.js
npm notice 596B dist/cjs/internal/operators/publishReplay.js.map
npm notice 1.2kB dist/cjs/internal/operators/race.js
npm notice 317B dist/cjs/internal/operators/race.js.map
npm notice 1.3kB dist/cjs/internal/operators/raceWith.js
npm notice 477B dist/cjs/internal/operators/raceWith.js.map
npm notice 401B dist/cjs/internal/operators/reduce.js
npm notice 332B dist/cjs/internal/operators/reduce.js.map
npm notice 1.1kB dist/cjs/internal/operators/refCount.js
npm notice 921B dist/cjs/internal/operators/refCount.js.map
npm notice 2.5kB dist/cjs/internal/operators/repeat.js
npm notice 1.6kB dist/cjs/internal/operators/repeat.js.map
npm notice 2.0kB dist/cjs/internal/operators/repeatWhen.js
npm notice 1.4kB dist/cjs/internal/operators/repeatWhen.js.map
npm notice 3.0kB dist/cjs/internal/operators/retry.js
npm notice 1.9kB dist/cjs/internal/operators/retry.js.map
npm notice 1.4kB dist/cjs/internal/operators/retryWhen.js
npm notice 1.0kB dist/cjs/internal/operators/retryWhen.js.map
npm notice 1.0kB dist/cjs/internal/operators/sample.js
npm notice 749B dist/cjs/internal/operators/sample.js.map
npm notice 491B dist/cjs/internal/operators/sampleTime.js
npm notice 332B dist/cjs/internal/operators/sampleTime.js.map
npm notice 384B dist/cjs/internal/operators/scan.js
npm notice 318B dist/cjs/internal/operators/scan.js.map
npm notice 979B dist/cjs/internal/operators/scanInternals.js
npm notice 838B dist/cjs/internal/operators/scanInternals.js.map
npm notice 1.9kB dist/cjs/internal/operators/sequenceEqual.js
npm notice 1.5kB dist/cjs/internal/operators/sequenceEqual.js.map
npm notice 4.2kB dist/cjs/internal/operators/share.js
npm notice 2.6kB dist/cjs/internal/operators/share.js.map
npm notice 1.1kB dist/cjs/internal/operators/shareReplay.js
npm notice 823B dist/cjs/internal/operators/shareReplay.js.map
npm notice 1.4kB dist/cjs/internal/operators/single.js
npm notice 985B dist/cjs/internal/operators/single.js.map
npm notice 290B dist/cjs/internal/operators/skip.js
npm notice 278B dist/cjs/internal/operators/skip.js.map
npm notice 1.1kB dist/cjs/internal/operators/skipLast.js
npm notice 859B dist/cjs/internal/operators/skipLast.js.map
npm notice 964B dist/cjs/internal/operators/skipUntil.js
npm notice 679B dist/cjs/internal/operators/skipUntil.js.map
npm notice 613B dist/cjs/internal/operators/skipWhile.js
npm notice 548B dist/cjs/internal/operators/skipWhile.js.map
npm notice 674B dist/cjs/internal/operators/startWith.js
npm notice 531B dist/cjs/internal/operators/startWith.js.map
npm notice 474B dist/cjs/internal/operators/subscribeOn.js
npm notice 425B dist/cjs/internal/operators/subscribeOn.js.map
npm notice 341B dist/cjs/internal/operators/switchAll.js
npm notice 243B dist/cjs/internal/operators/switchAll.js.map
npm notice 1.4kB dist/cjs/internal/operators/switchMap.js
npm notice 1.1kB dist/cjs/internal/operators/switchMap.js.map
npm notice 529B dist/cjs/internal/operators/switchMapTo.js
npm notice 392B dist/cjs/internal/operators/switchMapTo.js.map
npm notice 662B dist/cjs/internal/operators/switchScan.js
npm notice 617B dist/cjs/internal/operators/switchScan.js.map
npm notice 833B dist/cjs/internal/operators/take.js
npm notice 619B dist/cjs/internal/operators/take.js.map
npm notice 2.0kB dist/cjs/internal/operators/takeLast.js
npm notice 817B dist/cjs/internal/operators/takeLast.js.map
npm notice 692B dist/cjs/internal/operators/takeUntil.js
npm notice 500B dist/cjs/internal/operators/takeUntil.js.map
npm notice 732B dist/cjs/internal/operators/takeWhile.js
npm notice 603B dist/cjs/internal/operators/takeWhile.js.map
npm notice 1.9kB dist/cjs/internal/operators/tap.js
npm notice 1.2kB dist/cjs/internal/operators/tap.js.map
npm notice 2.1kB dist/cjs/internal/operators/throttle.js
npm notice 1.7kB dist/cjs/internal/operators/throttle.js.map
npm notice 572B dist/cjs/internal/operators/throttleTime.js
npm notice 412B dist/cjs/internal/operators/throttleTime.js.map
npm notice 894B dist/cjs/internal/operators/throwIfEmpty.js
npm notice 689B dist/cjs/internal/operators/throwIfEmpty.js.map
npm notice 1.1kB dist/cjs/internal/operators/timeInterval.js
npm notice 774B dist/cjs/internal/operators/timeInterval.js.map
npm notice 3.1kB dist/cjs/internal/operators/timeout.js
npm notice 2.3kB dist/cjs/internal/operators/timeout.js.map
npm notice 1.0kB dist/cjs/internal/operators/timeoutWith.js
npm notice 842B dist/cjs/internal/operators/timeoutWith.js.map
npm notice 538B dist/cjs/internal/operators/timestamp.js
npm notice 378B dist/cjs/internal/operators/timestamp.js.map
npm notice 474B dist/cjs/internal/operators/toArray.js
npm notice 461B dist/cjs/internal/operators/toArray.js.map
npm notice 1.5kB dist/cjs/internal/operators/window.js
npm notice 1.1kB dist/cjs/internal/operators/window.js.map
npm notice 2.7kB dist/cjs/internal/operators/windowCount.js
npm notice 1.6kB dist/cjs/internal/operators/windowCount.js.map
npm notice 3.2kB dist/cjs/internal/operators/windowTime.js
npm notice 2.4kB dist/cjs/internal/operators/windowTime.js.map
npm notice 3.4kB dist/cjs/internal/operators/windowToggle.js
npm notice 1.8kB dist/cjs/internal/operators/windowToggle.js.map
npm notice 1.8kB dist/cjs/internal/operators/windowWhen.js
npm notice 1.3kB dist/cjs/internal/operators/windowWhen.js.map
npm notice 2.4kB dist/cjs/internal/operators/withLatestFrom.js
npm notice 1.4kB dist/cjs/internal/operators/withLatestFrom.js.map
npm notice 1.2kB dist/cjs/internal/operators/zip.js
npm notice 402B dist/cjs/internal/operators/zip.js.map
npm notice 356B dist/cjs/internal/operators/zipAll.js
npm notice 257B dist/cjs/internal/operators/zipAll.js.map
npm notice 1.1kB dist/cjs/internal/operators/zipWith.js
npm notice 305B dist/cjs/internal/operators/zipWith.js.map
npm notice 3.7kB dist/cjs/internal/ReplaySubject.js
npm notice 2.3kB dist/cjs/internal/ReplaySubject.js.map
npm notice 695B dist/cjs/internal/scheduled/scheduleArray.js
npm notice 587B dist/cjs/internal/scheduled/scheduleArray.js.map
npm notice 1.1kB dist/cjs/internal/scheduled/scheduleAsyncIterable.js
npm notice 784B dist/cjs/internal/scheduled/scheduleAsyncIterable.js.map
npm notice 2.0kB dist/cjs/internal/scheduled/scheduled.js
npm notice 985B dist/cjs/internal/scheduled/scheduled.js.map
npm notice 1.4kB dist/cjs/internal/scheduled/scheduleIterable.js
npm notice 979B dist/cjs/internal/scheduled/scheduleIterable.js.map
npm notice 541B dist/cjs/internal/scheduled/scheduleObservable.js
npm notice 363B dist/cjs/internal/scheduled/scheduleObservable.js.map
npm notice 526B dist/cjs/internal/scheduled/schedulePromise.js
npm notice 355B dist/cjs/internal/scheduled/schedulePromise.js.map
npm notice 570B dist/cjs/internal/scheduled/scheduleReadableStreamLike.js
npm notice 327B dist/cjs/internal/scheduled/scheduleReadableStreamLike.js.map
npm notice 768B dist/cjs/internal/Scheduler.js
npm notice 555B dist/cjs/internal/Scheduler.js.map
npm notice 1.3kB dist/cjs/internal/scheduler/Action.js
npm notice 380B dist/cjs/internal/scheduler/Action.js.map
npm notice 512B dist/cjs/internal/scheduler/animationFrame.js
npm notice 266B dist/cjs/internal/scheduler/animationFrame.js.map
npm notice 2.6kB dist/cjs/internal/scheduler/AnimationFrameAction.js
npm notice 1.3kB dist/cjs/internal/scheduler/AnimationFrameAction.js.map
npm notice 2.4kB dist/cjs/internal/scheduler/animationFrameProvider.js
npm notice 1.1kB dist/cjs/internal/scheduler/animationFrameProvider.js.map
npm notice 2.0kB dist/cjs/internal/scheduler/AnimationFrameScheduler.js
npm notice 1.0kB dist/cjs/internal/scheduler/AnimationFrameScheduler.js.map
npm notice 372B dist/cjs/internal/scheduler/asap.js
npm notice 241B dist/cjs/internal/scheduler/asap.js.map
npm notice 2.5kB dist/cjs/internal/scheduler/AsapAction.js
npm notice 1.3kB dist/cjs/internal/scheduler/AsapAction.js.map
npm notice 2.0kB dist/cjs/internal/scheduler/AsapScheduler.js
npm notice 990B dist/cjs/internal/scheduler/AsapScheduler.js.map
npm notice 386B dist/cjs/internal/scheduler/async.js
npm notice 243B dist/cjs/internal/scheduler/async.js.map
npm notice 4.0kB dist/cjs/internal/scheduler/AsyncAction.js
npm notice 2.8kB dist/cjs/internal/scheduler/AsyncAction.js.map
npm notice 2.0kB dist/cjs/internal/scheduler/AsyncScheduler.js
npm notice 999B dist/cjs/internal/scheduler/AsyncScheduler.js.map
npm notice 329B dist/cjs/internal/scheduler/dateTimestampProvider.js
npm notice 307B dist/cjs/internal/scheduler/dateTimestampProvider.js.map
npm notice 1.7kB dist/cjs/internal/scheduler/immediateProvider.js
npm notice 679B dist/cjs/internal/scheduler/immediateProvider.js.map
npm notice 1.7kB dist/cjs/internal/scheduler/intervalProvider.js
npm notice 720B dist/cjs/internal/scheduler/intervalProvider.js.map
npm notice 364B dist/cjs/internal/scheduler/performanceTimestampProvider.js
npm notice 321B dist/cjs/internal/scheduler/performanceTimestampProvider.js.map
npm notice 386B dist/cjs/internal/scheduler/queue.js
npm notice 243B dist/cjs/internal/scheduler/queue.js.map
npm notice 2.2kB dist/cjs/internal/scheduler/QueueAction.js
npm notice 1.2kB dist/cjs/internal/scheduler/QueueAction.js.map
npm notice 1.3kB dist/cjs/internal/scheduler/QueueScheduler.js
npm notice 267B dist/cjs/internal/scheduler/QueueScheduler.js.map
npm notice 1.6kB dist/cjs/internal/scheduler/timeoutProvider.js
npm notice 714B dist/cjs/internal/scheduler/timeoutProvider.js.map
npm notice 116B dist/cjs/internal/scheduler/timerHandle.js
npm notice 142B dist/cjs/internal/scheduler/timerHandle.js.map
npm notice 4.6kB dist/cjs/internal/scheduler/VirtualTimeScheduler.js
npm notice 2.9kB dist/cjs/internal/scheduler/VirtualTimeScheduler.js.map
npm notice 7.6kB dist/cjs/internal/Subject.js
npm notice 3.8kB dist/cjs/internal/Subject.js.map
npm notice 7.1kB dist/cjs/internal/Subscriber.js
npm notice 4.3kB dist/cjs/internal/Subscriber.js.map
npm notice 7.1kB dist/cjs/internal/Subscription.js
npm notice 3.5kB dist/cjs/internal/Subscription.js.map
npm notice 411B dist/cjs/internal/symbol/iterator.js
npm notice 331B dist/cjs/internal/symbol/iterator.js.map
npm notice 264B dist/cjs/internal/symbol/observable.js
npm notice 262B dist/cjs/internal/symbol/observable.js.map
npm notice 2.7kB dist/cjs/internal/testing/ColdObservable.js
npm notice 1.3kB dist/cjs/internal/testing/ColdObservable.js.map
npm notice 2.7kB dist/cjs/internal/testing/HotObservable.js
npm notice 1.3kB dist/cjs/internal/testing/HotObservable.js.map
npm notice 517B dist/cjs/internal/testing/SubscriptionLog.js
npm notice 322B dist/cjs/internal/testing/SubscriptionLog.js.map
npm notice 970B dist/cjs/internal/testing/SubscriptionLoggable.js
npm notice 690B dist/cjs/internal/testing/SubscriptionLoggable.js.map
npm notice 116B dist/cjs/internal/testing/TestMessage.js
npm notice 140B dist/cjs/internal/testing/TestMessage.js.map
npm notice 27.8kB dist/cjs/internal/testing/TestScheduler.js
npm notice 17.6kB dist/cjs/internal/testing/TestScheduler.js.map
npm notice 110B dist/cjs/internal/types.js
npm notice 117B dist/cjs/internal/types.js.map
npm notice 601B dist/cjs/internal/util/applyMixins.js
npm notice 647B dist/cjs/internal/util/applyMixins.js.map
npm notice 779B dist/cjs/internal/util/args.js
npm notice 720B dist/cjs/internal/util/args.js.map
npm notice 908B dist/cjs/internal/util/argsArgArrayOrObject.js
npm notice 924B dist/cjs/internal/util/argsArgArrayOrObject.js.map
npm notice 323B dist/cjs/internal/util/argsOrArgArray.js
npm notice 366B dist/cjs/internal/util/argsOrArgArray.js.map
npm notice 496B dist/cjs/internal/util/ArgumentOutOfRangeError.js
npm notice 382B dist/cjs/internal/util/ArgumentOutOfRangeError.js.map
npm notice 311B dist/cjs/internal/util/arrRemove.js
npm notice 346B dist/cjs/internal/util/arrRemove.js.map
npm notice 527B dist/cjs/internal/util/createErrorClass.js
npm notice 527B dist/cjs/internal/util/createErrorClass.js.map
npm notice 328B dist/cjs/internal/util/createObject.js
npm notice 377B dist/cjs/internal/util/createObject.js.map
npm notice 413B dist/cjs/internal/util/EmptyError.js
npm notice 351B dist/cjs/internal/util/EmptyError.js.map
npm notice 960B dist/cjs/internal/util/errorContext.js
npm notice 774B dist/cjs/internal/util/errorContext.js.map
npm notice 726B dist/cjs/internal/util/executeSchedule.js
npm notice 622B dist/cjs/internal/util/executeSchedule.js.map
npm notice 208B dist/cjs/internal/util/identity.js
npm notice 202B dist/cjs/internal/util/identity.js.map
npm notice 891B dist/cjs/internal/util/Immediate.js
npm notice 877B dist/cjs/internal/util/Immediate.js.map
npm notice 257B dist/cjs/internal/util/isArrayLike.js
npm notice 272B dist/cjs/internal/util/isArrayLike.js.map
npm notice 404B dist/cjs/internal/util/isAsyncIterable.js
npm notice 311B dist/cjs/internal/util/isAsyncIterable.js.map
npm notice 259B dist/cjs/internal/util/isDate.js
npm notice 238B dist/cjs/internal/util/isDate.js.map
npm notice 248B dist/cjs/internal/util/isFunction.js
npm notice 221B dist/cjs/internal/util/isFunction.js.map
npm notice 417B dist/cjs/internal/util/isInteropObservable.js
npm notice 285B dist/cjs/internal/util/isInteropObservable.js.map
npm notice 410B dist/cjs/internal/util/isIterable.js
npm notice 285B dist/cjs/internal/util/isIterable.js.map
npm notice 448B dist/cjs/internal/util/isObservable.js
npm notice 359B dist/cjs/internal/util/isObservable.js.map
npm notice 341B dist/cjs/internal/util/isPromise.js
npm notice 264B dist/cjs/internal/util/isPromise.js.map
npm notice 4.6kB dist/cjs/internal/util/isReadableStreamLike.js
npm notice 638B dist/cjs/internal/util/isReadableStreamLike.js.map
npm notice 318B dist/cjs/internal/util/isScheduler.js
npm notice 257B dist/cjs/internal/util/isScheduler.js.map
npm notice 805B dist/cjs/internal/util/lift.js
npm notice 621B dist/cjs/internal/util/lift.js.map
npm notice 1.2kB dist/cjs/internal/util/mapOneOrManyArgs.js
npm notice 512B dist/cjs/internal/util/mapOneOrManyArgs.js.map
npm notice 173B dist/cjs/internal/util/noop.js
npm notice 164B dist/cjs/internal/util/noop.js.map
npm notice 263B dist/cjs/internal/util/not.js
npm notice 295B dist/cjs/internal/util/not.js.map
npm notice 437B dist/cjs/internal/util/NotFoundError.js
npm notice 366B dist/cjs/internal/util/NotFoundError.js.map
npm notice 494B dist/cjs/internal/util/ObjectUnsubscribedError.js
npm notice 382B dist/cjs/internal/util/ObjectUnsubscribedError.js.map
npm notice 693B dist/cjs/internal/util/pipe.js
npm notice 632B dist/cjs/internal/util/pipe.js.map
npm notice 619B dist/cjs/internal/util/reportUnhandledError.js
npm notice 410B dist/cjs/internal/util/reportUnhandledError.js.map
npm notice 437B dist/cjs/internal/util/SequenceError.js
npm notice 366B dist/cjs/internal/util/SequenceError.js.map
npm notice 426B dist/cjs/internal/util/subscribeToArray.js
npm notice 473B dist/cjs/internal/util/subscribeToArray.js.map
npm notice 566B dist/cjs/internal/util/throwUnobservableError.js
npm notice 353B dist/cjs/internal/util/throwUnobservableError.js.map
npm notice 673B dist/cjs/internal/util/UnsubscriptionError.js
npm notice 609B dist/cjs/internal/util/UnsubscriptionError.js.map
npm notice 116B dist/cjs/internal/util/workarounds.js
npm notice 137B dist/cjs/internal/util/workarounds.js.map
npm notice 22.7kB dist/cjs/operators/index.js
npm notice 4.1kB dist/cjs/operators/index.js.map
npm notice 341B dist/cjs/testing/index.js
npm notice 152B dist/cjs/testing/index.js.map
npm notice 572B dist/cjs/webSocket/index.js
npm notice 191B dist/cjs/webSocket/index.js.map
npm notice 212B dist/esm/ajax/index.js
npm notice 252B dist/esm/ajax/index.js.map
npm notice 95B dist/esm/fetch/index.js
npm notice 155B dist/esm/fetch/index.js.map
npm notice 10.1kB dist/esm/index.js
npm notice 7.4kB dist/esm/index.js.map
npm notice 9.5kB dist/esm/internal/ajax/ajax.js
npm notice 8.7kB dist/esm/internal/ajax/ajax.js.map
npm notice 1.1kB dist/esm/internal/ajax/AjaxResponse.js
npm notice 1.2kB dist/esm/internal/ajax/AjaxResponse.js.map
npm notice 924B dist/esm/internal/ajax/errors.js
npm notice 1.1kB dist/esm/internal/ajax/errors.js.map
npm notice 674B dist/esm/internal/ajax/getXHRResponse.js
npm notice 652B dist/esm/internal/ajax/getXHRResponse.js.map
npm notice 44B dist/esm/internal/ajax/types.js
npm notice 125B dist/esm/internal/ajax/types.js.map
npm notice 49B dist/esm/internal/AnyCatcher.js
npm notice 127B dist/esm/internal/AnyCatcher.js.map
npm notice 991B dist/esm/internal/AsyncSubject.js
npm notice 987B dist/esm/internal/AsyncSubject.js.map
npm notice 714B dist/esm/internal/BehaviorSubject.js
npm notice 813B dist/esm/internal/BehaviorSubject.js.map
npm notice 233B dist/esm/internal/config.js
npm notice 273B dist/esm/internal/config.js.map
npm notice 770B dist/esm/internal/firstValueFrom.js
npm notice 772B dist/esm/internal/firstValueFrom.js.map
npm notice 798B dist/esm/internal/lastValueFrom.js
npm notice 778B dist/esm/internal/lastValueFrom.js.map
npm notice 2.8kB dist/esm/internal/Notification.js
npm notice 2.4kB dist/esm/internal/Notification.js.map
npm notice 463B dist/esm/internal/NotificationFactories.js
npm notice 576B dist/esm/internal/NotificationFactories.js.map
npm notice 3.1kB dist/esm/internal/Observable.js
npm notice 3.0kB dist/esm/internal/Observable.js.map
npm notice 261B dist/esm/internal/observable/bindCallback.js
npm notice 325B dist/esm/internal/observable/bindCallback.js.map
npm notice 2.3kB dist/esm/internal/observable/bindCallbackInternals.js
npm notice 1.9kB dist/esm/internal/observable/bindCallbackInternals.js.map
npm notice 268B dist/esm/internal/observable/bindNodeCallback.js
npm notice 335B dist/esm/internal/observable/bindNodeCallback.js.map
npm notice 2.5kB dist/esm/internal/observable/combineLatest.js
npm notice 2.3kB dist/esm/internal/observable/combineLatest.js.map
npm notice 254B dist/esm/internal/observable/concat.js
npm notice 385B dist/esm/internal/observable/concat.js.map
npm notice 855B dist/esm/internal/observable/connectable.js
npm notice 1.0kB dist/esm/internal/observable/connectable.js.map
npm notice 2.0kB dist/esm/internal/observable/ConnectableObservable.js
npm notice 1.9kB dist/esm/internal/observable/ConnectableObservable.js.map
npm notice 277B dist/esm/internal/observable/defer.js
npm notice 387B dist/esm/internal/observable/defer.js.map
npm notice 1.3kB dist/esm/internal/observable/dom/animationFrames.js
npm notice 1.2kB dist/esm/internal/observable/dom/animationFrames.js.map
npm notice 2.0kB dist/esm/internal/observable/dom/fetch.js
npm notice 1.7kB dist/esm/internal/observable/dom/fetch.js.map
npm notice 193B dist/esm/internal/observable/dom/webSocket.js
npm notice 280B dist/esm/internal/observable/dom/webSocket.js.map
npm notice 7.2kB dist/esm/internal/observable/dom/WebSocketSubject.js
npm notice 6.5kB dist/esm/internal/observable/dom/WebSocketSubject.js.map
npm notice 379B dist/esm/internal/observable/empty.js
npm notice 549B dist/esm/internal/observable/empty.js.map
npm notice 1.7kB dist/esm/internal/observable/forkJoin.js
npm notice 1.7kB dist/esm/internal/observable/forkJoin.js.map
npm notice 239B dist/esm/internal/observable/from.js
npm notice 367B dist/esm/internal/observable/from.js.map
npm notice 2.2kB dist/esm/internal/observable/fromEvent.js
npm notice 2.4kB dist/esm/internal/observable/fromEvent.js.map
npm notice 680B dist/esm/internal/observable/fromEventPattern.js
npm notice 856B dist/esm/internal/observable/fromEventPattern.js.map
npm notice 218B dist/esm/internal/observable/fromSubscribable.js
npm notice 329B dist/esm/internal/observable/fromSubscribable.js.map
npm notice 1.2kB dist/esm/internal/observable/generate.js
npm notice 1.1kB dist/esm/internal/observable/generate.js.map
npm notice 190B dist/esm/internal/observable/iif.js
npm notice 338B dist/esm/internal/observable/iif.js.map
npm notice 3.9kB dist/esm/internal/observable/innerFrom.js
npm notice 3.1kB dist/esm/internal/observable/innerFrom.js.map
npm notice 284B dist/esm/internal/observable/interval.js
npm notice 404B dist/esm/internal/observable/interval.js.map
npm notice 613B dist/esm/internal/observable/merge.js
npm notice 755B dist/esm/internal/observable/merge.js.map
npm notice 203B dist/esm/internal/observable/never.js
npm notice 325B dist/esm/internal/observable/never.js.map
npm notice 214B dist/esm/internal/observable/of.js
npm notice 346B dist/esm/internal/observable/of.js.map
npm notice 1.1kB dist/esm/internal/observable/onErrorResumeNext.js
npm notice 1.0kB dist/esm/internal/observable/onErrorResumeNext.js.map
npm notice 155B dist/esm/internal/observable/pairs.js
npm notice 296B dist/esm/internal/observable/pairs.js.map
npm notice 329B dist/esm/internal/observable/partition.js
npm notice 495B dist/esm/internal/observable/partition.js.map
npm notice 1.1kB dist/esm/internal/observable/race.js
npm notice 1.2kB dist/esm/internal/observable/race.js.map
npm notice 994B dist/esm/internal/observable/range.js
npm notice 1.0kB dist/esm/internal/observable/range.js.map
npm notice 472B dist/esm/internal/observable/throwError.js
npm notice 624B dist/esm/internal/observable/throwError.js.map
npm notice 1.1kB dist/esm/internal/observable/timer.js
npm notice 1.1kB dist/esm/internal/observable/timer.js.map
npm notice 574B dist/esm/internal/observable/using.js
npm notice 680B dist/esm/internal/observable/using.js.map
npm notice 1.7kB dist/esm/internal/observable/zip.js
npm notice 1.8kB dist/esm/internal/observable/zip.js.map
npm notice 47B dist/esm/internal/Operator.js
npm notice 123B dist/esm/internal/Operator.js.map
npm notice 1.5kB dist/esm/internal/operators/audit.js
npm notice 1.4kB dist/esm/internal/operators/audit.js.map
npm notice 288B dist/esm/internal/operators/auditTime.js
npm notice 399B dist/esm/internal/operators/auditTime.js.map
npm notice 836B dist/esm/internal/operators/buffer.js
npm notice 930B dist/esm/internal/operators/buffer.js.map
npm notice 1.4kB dist/esm/internal/operators/bufferCount.js
npm notice 1.3kB dist/esm/internal/operators/bufferCount.js.map
npm notice 2.7kB dist/esm/internal/operators/bufferTime.js
npm notice 2.3kB dist/esm/internal/operators/bufferTime.js.map
npm notice 1.4kB dist/esm/internal/operators/bufferToggle.js
npm notice 1.4kB dist/esm/internal/operators/bufferToggle.js.map
npm notice 1.1kB dist/esm/internal/operators/bufferWhen.js
npm notice 1.2kB dist/esm/internal/operators/bufferWhen.js.map
npm notice 964B dist/esm/internal/operators/catchError.js
npm notice 975B dist/esm/internal/operators/catchError.js.map
npm notice 137B dist/esm/internal/operators/combineAll.js
npm notice 226B dist/esm/internal/operators/combineAll.js.map
npm notice 679B dist/esm/internal/operators/combineLatest.js
npm notice 763B dist/esm/internal/operators/combineLatest.js.map
npm notice 259B dist/esm/internal/operators/combineLatestAll.js
npm notice 332B dist/esm/internal/operators/combineLatestAll.js.map
npm notice 192B dist/esm/internal/operators/combineLatestWith.js
npm notice 288B dist/esm/internal/operators/combineLatestWith.js.map
npm notice 413B dist/esm/internal/operators/concat.js
npm notice 571B dist/esm/internal/operators/concat.js.map
npm notice 132B dist/esm/internal/operators/concatAll.js
npm notice 246B dist/esm/internal/operators/concatAll.js.map
npm notice 281B dist/esm/internal/operators/concatMap.js
npm notice 413B dist/esm/internal/operators/concatMap.js.map
npm notice 319B dist/esm/internal/operators/concatMapTo.js
npm notice 427B dist/esm/internal/operators/concatMapTo.js.map
npm notice 157B dist/esm/internal/operators/concatWith.js
npm notice 270B dist/esm/internal/operators/concatWith.js.map
npm notice 613B dist/esm/internal/operators/connect.js
npm notice 745B dist/esm/internal/operators/connect.js.map
npm notice 205B dist/esm/internal/operators/count.js
npm notice 404B dist/esm/internal/operators/count.js.map
npm notice 1.4kB dist/esm/internal/operators/debounce.js
npm notice 1.3kB dist/esm/internal/operators/debounce.js.map
npm notice 1.5kB dist/esm/internal/operators/debounceTime.js
npm notice 1.5kB dist/esm/internal/operators/debounceTime.js.map
npm notice 576B dist/esm/internal/operators/defaultIfEmpty.js
npm notice 665B dist/esm/internal/operators/defaultIfEmpty.js.map
npm notice 313B dist/esm/internal/operators/delay.js
npm notice 422B dist/esm/internal/operators/delay.js.map
npm notice 646B dist/esm/internal/operators/delayWhen.js
npm notice 825B dist/esm/internal/operators/delayWhen.js.map
npm notice 419B dist/esm/internal/operators/dematerialize.js
npm notice 499B dist/esm/internal/operators/dematerialize.js.map
npm notice 785B dist/esm/internal/operators/distinct.js
npm notice 923B dist/esm/internal/operators/distinct.js.map
npm notice 857B dist/esm/internal/operators/distinctUntilChanged.js
npm notice 908B dist/esm/internal/operators/distinctUntilChanged.js.map
npm notice 270B dist/esm/internal/operators/distinctUntilKeyChanged.js
npm notice 474B dist/esm/internal/operators/distinctUntilKeyChanged.js.map
npm notice 626B dist/esm/internal/operators/elementAt.js
npm notice 788B dist/esm/internal/operators/elementAt.js.map
npm notice 214B dist/esm/internal/operators/endWith.js
npm notice 360B dist/esm/internal/operators/endWith.js.map
npm notice 598B dist/esm/internal/operators/every.js
npm notice 725B dist/esm/internal/operators/every.js.map
npm notice 113B dist/esm/internal/operators/exhaust.js
npm notice 214B dist/esm/internal/operators/exhaust.js.map
npm notice 192B dist/esm/internal/operators/exhaustAll.js
npm notice 291B dist/esm/internal/operators/exhaustAll.js.map
npm notice 1.1kB dist/esm/internal/operators/exhaustMap.js
npm notice 1.3kB dist/esm/internal/operators/exhaustMap.js.map
npm notice 388B dist/esm/internal/operators/expand.js
npm notice 534B dist/esm/internal/operators/expand.js.map
npm notice 404B dist/esm/internal/operators/filter.js
npm notice 549B dist/esm/internal/operators/filter.js.map
npm notice 300B dist/esm/internal/operators/finalize.js
npm notice 398B dist/esm/internal/operators/finalize.js.map
npm notice 807B dist/esm/internal/operators/find.js
npm notice 998B dist/esm/internal/operators/find.js.map
npm notice 225B dist/esm/internal/operators/findIndex.js
npm notice 344B dist/esm/internal/operators/findIndex.js.map
npm notice 591B dist/esm/internal/operators/first.js
npm notice 819B dist/esm/internal/operators/first.js.map
npm notice 107B dist/esm/internal/operators/flatMap.js
npm notice 214B dist/esm/internal/operators/flatMap.js.map
npm notice 2.8kB dist/esm/internal/operators/groupBy.js
npm notice 2.7kB dist/esm/internal/operators/groupBy.js.map
npm notice 344B dist/esm/internal/operators/ignoreElements.js
npm notice 445B dist/esm/internal/operators/ignoreElements.js.map
npm notice 466B dist/esm/internal/operators/isEmpty.js
npm notice 574B dist/esm/internal/operators/isEmpty.js.map
npm notice 433B dist/esm/internal/operators/joinAllInternals.js
npm notice 594B dist/esm/internal/operators/joinAllInternals.js.map
npm notice 601B dist/esm/internal/operators/last.js
npm notice 817B dist/esm/internal/operators/last.js.map
npm notice 410B dist/esm/internal/operators/map.js
npm notice 549B dist/esm/internal/operators/map.js.map
npm notice 124B dist/esm/internal/operators/mapTo.js
npm notice 263B dist/esm/internal/operators/mapTo.js.map
npm notice 659B dist/esm/internal/operators/materialize.js
npm notice 776B dist/esm/internal/operators/materialize.js.map
npm notice 259B dist/esm/internal/operators/max.js
npm notice 558B dist/esm/internal/operators/max.js.map
npm notice 569B dist/esm/internal/operators/merge.js
npm notice 731B dist/esm/internal/operators/merge.js.map
npm notice 215B dist/esm/internal/operators/mergeAll.js
npm notice 314B dist/esm/internal/operators/mergeAll.js.map
npm notice 2.2kB dist/esm/internal/operators/mergeInternals.js
npm notice 2.0kB dist/esm/internal/operators/mergeInternals.js.map
npm notice 692B dist/esm/internal/operators/mergeMap.js
npm notice 874B dist/esm/internal/operators/mergeMap.js.map
npm notice 478B dist/esm/internal/operators/mergeMapTo.js
npm notice 536B dist/esm/internal/operators/mergeMapTo.js.map
npm notice 485B dist/esm/internal/operators/mergeScan.js
npm notice 662B dist/esm/internal/operators/mergeScan.js.map
npm notice 152B dist/esm/internal/operators/mergeWith.js
npm notice 268B dist/esm/internal/operators/mergeWith.js.map
npm notice 259B dist/esm/internal/operators/min.js
npm notice 558B dist/esm/internal/operators/min.js.map
npm notice 585B dist/esm/internal/operators/multicast.js
npm notice 617B dist/esm/internal/operators/multicast.js.map
npm notice 625B dist/esm/internal/operators/observeOn.js
npm notice 801B dist/esm/internal/operators/observeOn.js.map
npm notice 407B dist/esm/internal/operators/onErrorResumeNextWith.js
npm notice 477B dist/esm/internal/operators/onErrorResumeNextWith.js.map
npm notice 1.8kB dist/esm/internal/operators/OperatorSubscriber.js
npm notice 1.5kB dist/esm/internal/operators/OperatorSubscriber.js.map
npm notice 494B dist/esm/internal/operators/pairwise.js
npm notice 620B dist/esm/internal/operators/pairwise.js.map
npm notice 259B dist/esm/internal/operators/partition.js
npm notice 437B dist/esm/internal/operators/partition.js.map
npm notice 643B dist/esm/internal/operators/pluck.js
npm notice 709B dist/esm/internal/operators/pluck.js.map
npm notice 297B dist/esm/internal/operators/publish.js
npm notice 480B dist/esm/internal/operators/publish.js.map
npm notice 380B dist/esm/internal/operators/publishBehavior.js
npm notice 444B dist/esm/internal/operators/publishBehavior.js.map
npm notice 339B dist/esm/internal/operators/publishLast.js
npm notice 416B dist/esm/internal/operators/publishLast.js.map
npm notice 603B dist/esm/internal/operators/publishReplay.js
npm notice 663B dist/esm/internal/operators/publishReplay.js.map
npm notice 208B dist/esm/internal/operators/race.js
npm notice 313B dist/esm/internal/operators/race.js.map
npm notice 382B dist/esm/internal/operators/raceWith.js
npm notice 510B dist/esm/internal/operators/raceWith.js.map
npm notice 259B dist/esm/internal/operators/reduce.js
npm notice 379B dist/esm/internal/operators/reduce.js.map
npm notice 978B dist/esm/internal/operators/refCount.js
npm notice 989B dist/esm/internal/operators/refCount.js.map
npm notice 2.2kB dist/esm/internal/operators/repeat.js
npm notice 1.8kB dist/esm/internal/operators/repeat.js.map
npm notice 1.7kB dist/esm/internal/operators/repeatWhen.js
npm notice 1.5kB dist/esm/internal/operators/repeatWhen.js.map
npm notice 2.6kB dist/esm/internal/operators/retry.js
npm notice 2.0kB dist/esm/internal/operators/retry.js.map
npm notice 1.2kB dist/esm/internal/operators/retryWhen.js
npm notice 1.1kB dist/esm/internal/operators/retryWhen.js.map
npm notice 820B dist/esm/internal/operators/sample.js
npm notice 884B dist/esm/internal/operators/sample.js.map
npm notice 292B dist/esm/internal/operators/sampleTime.js
npm notice 385B dist/esm/internal/operators/sampleTime.js.map
npm notice 248B dist/esm/internal/operators/scan.js
npm notice 365B dist/esm/internal/operators/scan.js.map
npm notice 806B dist/esm/internal/operators/scanInternals.js
npm notice 888B dist/esm/internal/operators/scanInternals.js.map
npm notice 1.6kB dist/esm/internal/operators/sequenceEqual.js
npm notice 1.6kB dist/esm/internal/operators/sequenceEqual.js.map
npm notice 2.9kB dist/esm/internal/operators/share.js
npm notice 2.6kB dist/esm/internal/operators/share.js.map
npm notice 770B dist/esm/internal/operators/shareReplay.js
npm notice 770B dist/esm/internal/operators/shareReplay.js.map
npm notice 1.1kB dist/esm/internal/operators/single.js
npm notice 1.1kB dist/esm/internal/operators/single.js.map
npm notice 148B dist/esm/internal/operators/skip.js
npm notice 291B dist/esm/internal/operators/skip.js.map
npm notice 967B dist/esm/internal/operators/skipLast.js
npm notice 966B dist/esm/internal/operators/skipLast.js.map
npm notice 744B dist/esm/internal/operators/skipUntil.js
npm notice 797B dist/esm/internal/operators/skipUntil.js.map
npm notice 439B dist/esm/internal/operators/skipWhile.js
npm notice 601B dist/esm/internal/operators/skipWhile.js.map
npm notice 411B dist/esm/internal/operators/startWith.js
npm notice 577B dist/esm/internal/operators/startWith.js.map
npm notice 273B dist/esm/internal/operators/subscribeOn.js
npm notice 428B dist/esm/internal/operators/subscribeOn.js.map
npm notice 187B dist/esm/internal/operators/switchAll.js
npm notice 289B dist/esm/internal/operators/switchAll.js.map
npm notice 1.2kB dist/esm/internal/operators/switchMap.js
npm notice 1.2kB dist/esm/internal/operators/switchMap.js.map
npm notice 319B dist/esm/internal/operators/switchMapTo.js
npm notice 427B dist/esm/internal/operators/switchMapTo.js.map
npm notice 464B dist/esm/internal/operators/switchScan.js
npm notice 666B dist/esm/internal/operators/switchScan.js.map
npm notice 659B dist/esm/internal/operators/take.js
npm notice 712B dist/esm/internal/operators/take.js.map
npm notice 775B dist/esm/internal/operators/takeLast.js
npm notice 874B dist/esm/internal/operators/takeLast.js.map
npm notice 497B dist/esm/internal/operators/takeUntil.js
npm notice 610B dist/esm/internal/operators/takeUntil.js.map
npm notice 527B dist/esm/internal/operators/takeWhile.js
npm notice 658B dist/esm/internal/operators/takeWhile.js.map
npm notice 1.7kB dist/esm/internal/operators/tap.js
npm notice 1.4kB dist/esm/internal/operators/tap.js.map
npm notice 1.8kB dist/esm/internal/operators/throttle.js
npm notice 1.8kB dist/esm/internal/operators/throttle.js.map
npm notice 352B dist/esm/internal/operators/throttleTime.js
npm notice 461B dist/esm/internal/operators/throttleTime.js.map
npm notice 640B dist/esm/internal/operators/throwIfEmpty.js
npm notice 764B dist/esm/internal/operators/throwIfEmpty.js.map
npm notice 739B dist/esm/internal/operators/timeInterval.js
npm notice 828B dist/esm/internal/operators/timeInterval.js.map
npm notice 2.6kB dist/esm/internal/operators/timeout.js
npm notice 2.5kB dist/esm/internal/operators/timeout.js.map
npm notice 828B dist/esm/internal/operators/timeoutWith.js
npm notice 896B dist/esm/internal/operators/timeoutWith.js.map
npm notice 291B dist/esm/internal/operators/timestamp.js
npm notice 392B dist/esm/internal/operators/timestamp.js.map
npm notice 314B dist/esm/internal/operators/toArray.js
npm notice 510B dist/esm/internal/operators/toArray.js.map
npm notice 1.3kB dist/esm/internal/operators/window.js
npm notice 1.3kB dist/esm/internal/operators/window.js.map
npm notice 1.4kB dist/esm/internal/operators/windowCount.js
npm notice 1.6kB dist/esm/internal/operators/windowCount.js.map
npm notice 2.6kB dist/esm/internal/operators/windowTime.js
npm notice 2.6kB dist/esm/internal/operators/windowTime.js.map
npm notice 2.1kB dist/esm/internal/operators/windowToggle.js
npm notice 2.0kB dist/esm/internal/operators/windowToggle.js.map
npm notice 1.6kB dist/esm/internal/operators/windowWhen.js
npm notice 1.5kB dist/esm/internal/operators/windowWhen.js.map
npm notice 1.3kB dist/esm/internal/operators/withLatestFrom.js
npm notice 1.5kB dist/esm/internal/operators/withLatestFrom.js.map
npm notice 275B dist/esm/internal/operators/zip.js
npm notice 411B dist/esm/internal/operators/zip.js.map
npm notice 209B dist/esm/internal/operators/zipAll.js
npm notice 309B dist/esm/internal/operators/zipAll.js.map
npm notice 140B dist/esm/internal/operators/zipWith.js
npm notice 264B dist/esm/internal/operators/zipWith.js.map
npm notice 2.1kB dist/esm/internal/ReplaySubject.js
npm notice 2.2kB dist/esm/internal/ReplaySubject.js.map
npm notice 534B dist/esm/internal/scheduled/scheduleArray.js
npm notice 612B dist/esm/internal/scheduled/scheduleArray.js.map
npm notice 834B dist/esm/internal/scheduled/scheduleAsyncIterable.js
npm notice 867B dist/esm/internal/scheduled/scheduleAsyncIterable.js.map
npm notice 1.6kB dist/esm/internal/scheduled/scheduled.js
npm notice 1.4kB dist/esm/internal/scheduled/scheduled.js.map
npm notice 1.2kB dist/esm/internal/scheduled/scheduleIterable.js
npm notice 1.1kB dist/esm/internal/scheduled/scheduleIterable.js.map
npm notice 344B dist/esm/internal/scheduled/scheduleObservable.js
npm notice 440B dist/esm/internal/scheduled/scheduleObservable.js.map
npm notice 338B dist/esm/internal/scheduled/schedulePromise.js
npm notice 432B dist/esm/internal/scheduled/schedulePromise.js.map
npm notice 355B dist/esm/internal/scheduled/scheduleReadableStreamLike.js
npm notice 381B dist/esm/internal/scheduled/scheduleReadableStreamLike.js.map
npm notice 453B dist/esm/internal/Scheduler.js
npm notice 510B dist/esm/internal/Scheduler.js.map
npm notice 245B dist/esm/internal/scheduler/Action.js
npm notice 336B dist/esm/internal/scheduler/Action.js.map
npm notice 319B dist/esm/internal/scheduler/animationFrame.js
npm notice 347B dist/esm/internal/scheduler/animationFrame.js.map
npm notice 1.2kB dist/esm/internal/scheduler/AnimationFrameAction.js
npm notice 1.3kB dist/esm/internal/scheduler/AnimationFrameAction.js.map
npm notice 1.2kB dist/esm/internal/scheduler/animationFrameProvider.js
npm notice 1.1kB dist/esm/internal/scheduler/animationFrameProvider.js.map
npm notice 829B dist/esm/internal/scheduler/AnimationFrameScheduler.js
npm notice 965B dist/esm/internal/scheduler/AnimationFrameScheduler.js.map
npm notice 219B dist/esm/internal/scheduler/asap.js
npm notice 313B dist/esm/internal/scheduler/asap.js.map
npm notice 1.2kB dist/esm/internal/scheduler/AsapAction.js
npm notice 1.3kB dist/esm/internal/scheduler/AsapAction.js.map
npm notice 809B dist/esm/internal/scheduler/AsapScheduler.js
npm notice 943B dist/esm/internal/scheduler/AsapScheduler.js.map
npm notice 229B dist/esm/internal/scheduler/async.js
npm notice 315B dist/esm/internal/scheduler/async.js.map
npm notice 2.6kB dist/esm/internal/scheduler/AsyncAction.js
npm notice 2.7kB dist/esm/internal/scheduler/AsyncAction.js.map
npm notice 845B dist/esm/internal/scheduler/AsyncScheduler.js
npm notice 941B dist/esm/internal/scheduler/AsyncScheduler.js.map
npm notice 198B dist/esm/internal/scheduler/dateTimestampProvider.js
npm notice 314B dist/esm/internal/scheduler/dateTimestampProvider.js.map
npm notice 615B dist/esm/internal/scheduler/immediateProvider.js
npm notice 655B dist/esm/internal/scheduler/immediateProvider.js.map
npm notice 628B dist/esm/internal/scheduler/intervalProvider.js
npm notice 672B dist/esm/internal/scheduler/intervalProvider.js.map
npm notice 226B dist/esm/internal/scheduler/performanceTimestampProvider.js
npm notice 328B dist/esm/internal/scheduler/performanceTimestampProvider.js.map
npm notice 229B dist/esm/internal/scheduler/queue.js
npm notice 315B dist/esm/internal/scheduler/queue.js.map
npm notice 895B dist/esm/internal/scheduler/QueueAction.js
npm notice 1.1kB dist/esm/internal/scheduler/QueueAction.js.map
npm notice 148B dist/esm/internal/scheduler/QueueScheduler.js
npm notice 226B dist/esm/internal/scheduler/QueueScheduler.js.map
npm notice 617B dist/esm/internal/scheduler/timeoutProvider.js
npm notice 664B dist/esm/internal/scheduler/timeoutProvider.js.map
npm notice 50B dist/esm/internal/scheduler/timerHandle.js
npm notice 142B dist/esm/internal/scheduler/timerHandle.js.map
npm notice 2.6kB dist/esm/internal/scheduler/VirtualTimeScheduler.js
npm notice 2.8kB dist/esm/internal/scheduler/VirtualTimeScheduler.js.map
npm notice 4.4kB dist/esm/internal/Subject.js
npm notice 3.7kB dist/esm/internal/Subject.js.map
npm notice 5.1kB dist/esm/internal/Subscriber.js
npm notice 4.4kB dist/esm/internal/Subscriber.js.map
npm notice 4.0kB dist/esm/internal/Subscription.js
npm notice 3.5kB dist/esm/internal/Subscription.js.map
npm notice 244B dist/esm/internal/symbol/iterator.js
npm notice 331B dist/esm/internal/symbol/iterator.js.map
npm notice 145B dist/esm/internal/symbol/observable.js
npm notice 262B dist/esm/internal/symbol/observable.js.map
npm notice 1.4kB dist/esm/internal/testing/ColdObservable.js
npm notice 1.4kB dist/esm/internal/testing/ColdObservable.js.map
npm notice 1.3kB dist/esm/internal/testing/HotObservable.js
npm notice 1.4kB dist/esm/internal/testing/HotObservable.js.map
npm notice 247B dist/esm/internal/testing/SubscriptionLog.js
npm notice 278B dist/esm/internal/testing/SubscriptionLog.js.map
npm notice 619B dist/esm/internal/testing/SubscriptionLoggable.js
npm notice 680B dist/esm/internal/testing/SubscriptionLoggable.js.map
npm notice 50B dist/esm/internal/testing/TestMessage.js
npm notice 140B dist/esm/internal/testing/TestMessage.js.map
npm notice 21.6kB dist/esm/internal/testing/TestScheduler.js
npm notice 17.5kB dist/esm/internal/testing/TestScheduler.js.map
npm notice 44B dist/esm/internal/types.js
npm notice 117B dist/esm/internal/types.js.map
npm notice 448B dist/esm/internal/umd.js
npm notice 525B dist/esm/internal/umd.js.map
npm notice 466B dist/esm/internal/util/applyMixins.js
npm notice 637B dist/esm/internal/util/applyMixins.js.map
npm notice 500B dist/esm/internal/util/args.js
npm notice 750B dist/esm/internal/util/args.js.map
npm notice 687B dist/esm/internal/util/argsArgArrayOrObject.js
npm notice 898B dist/esm/internal/util/argsArgArrayOrObject.js.map
npm notice 177B dist/esm/internal/util/argsOrArgArray.js
npm notice 361B dist/esm/internal/util/argsOrArgArray.js.map
npm notice 324B dist/esm/internal/util/ArgumentOutOfRangeError.js
npm notice 416B dist/esm/internal/util/ArgumentOutOfRangeError.js.map
npm notice 184B dist/esm/internal/util/arrRemove.js
npm notice 336B dist/esm/internal/util/arrRemove.js.map
npm notice 375B dist/esm/internal/util/createErrorClass.js
npm notice 527B dist/esm/internal/util/createErrorClass.js.map
npm notice 172B dist/esm/internal/util/createObject.js
npm notice 360B dist/esm/internal/util/createObject.js.map
npm notice 274B dist/esm/internal/util/EmptyError.js
npm notice 383B dist/esm/internal/util/EmptyError.js.map
npm notice 726B dist/esm/internal/util/errorContext.js
npm notice 775B dist/esm/internal/util/errorContext.js.map
npm notice 505B dist/esm/internal/util/executeSchedule.js
npm notice 588B dist/esm/internal/util/executeSchedule.js.map
npm notice 82B dist/esm/internal/util/identity.js
npm notice 192B dist/esm/internal/util/identity.js.map
npm notice 729B dist/esm/internal/util/Immediate.js
npm notice 877B dist/esm/internal/util/Immediate.js.map
npm notice 137B dist/esm/internal/util/isArrayLike.js
npm notice 272B dist/esm/internal/util/isArrayLike.js.map
npm notice 243B dist/esm/internal/util/isAsyncIterable.js
npm notice 328B dist/esm/internal/util/isAsyncIterable.js.map
npm notice 124B dist/esm/internal/util/isDate.js
npm notice 228B dist/esm/internal/util/isDate.js.map
npm notice 116B dist/esm/internal/util/isFunction.js
npm notice 211B dist/esm/internal/util/isFunction.js.map
npm notice 258B dist/esm/internal/util/isInteropObservable.js
npm notice 344B dist/esm/internal/util/isInteropObservable.js.map
npm notice 278B dist/esm/internal/util/isIterable.js
npm notice 341B dist/esm/internal/util/isIterable.js.map
npm notice 269B dist/esm/internal/util/isObservable.js
npm notice 402B dist/esm/internal/util/isObservable.js.map
npm notice 198B dist/esm/internal/util/isPromise.js
npm notice 281B dist/esm/internal/util/isPromise.js.map
npm notice 831B dist/esm/internal/util/isReadableStreamLike.js
npm notice 628B dist/esm/internal/util/isReadableStreamLike.js.map
npm notice 169B dist/esm/internal/util/isScheduler.js
npm notice 274B dist/esm/internal/util/isScheduler.js.map
npm notice 624B dist/esm/internal/util/lift.js
npm notice 641B dist/esm/internal/util/lift.js.map
npm notice 285B dist/esm/internal/util/mapOneOrManyArgs.js
npm notice 513B dist/esm/internal/util/mapOneOrManyArgs.js.map
npm notice 59B dist/esm/internal/util/noop.js
npm notice 152B dist/esm/internal/util/noop.js.map
npm notice 134B dist/esm/internal/util/not.js
npm notice 278B dist/esm/internal/util/not.js.map
npm notice 275B dist/esm/internal/util/NotFoundError.js
npm notice 400B dist/esm/internal/util/NotFoundError.js.map
npm notice 322B dist/esm/internal/util/ObjectUnsubscribedError.js
npm notice 416B dist/esm/internal/util/ObjectUnsubscribedError.js.map
npm notice 390B dist/esm/internal/util/pipe.js
npm notice 591B dist/esm/internal/util/pipe.js.map
npm notice 411B dist/esm/internal/util/reportUnhandledError.js
npm notice 471B dist/esm/internal/util/reportUnhandledError.js.map
npm notice 275B dist/esm/internal/util/SequenceError.js
npm notice 400B dist/esm/internal/util/SequenceError.js.map
npm notice 254B dist/esm/internal/util/subscribeToArray.js
npm notice 459B dist/esm/internal/util/subscribeToArray.js.map
npm notice 356B dist/esm/internal/util/throwUnobservableError.js
npm notice 344B dist/esm/internal/util/throwUnobservableError.js.map
npm notice 474B dist/esm/internal/util/UnsubscriptionError.js
npm notice 655B dist/esm/internal/util/UnsubscriptionError.js.map
npm notice 50B dist/esm/internal/util/workarounds.js
npm notice 137B dist/esm/internal/util/workarounds.js.map
npm notice 6.9kB dist/esm/operators/index.js
npm notice 5.0kB dist/esm/operators/index.js.map
npm notice 100B dist/esm/testing/index.js
npm notice 157B dist/esm/testing/index.js.map
npm notice 192B dist/esm/webSocket/index.js
npm notice 215B dist/esm/webSocket/index.js.map
npm notice 212B dist/esm5/ajax/index.js
npm notice 252B dist/esm5/ajax/index.js.map
npm notice 95B dist/esm5/fetch/index.js
npm notice 155B dist/esm5/fetch/index.js.map
npm notice 10.1kB dist/esm5/index.js
npm notice 7.4kB dist/esm5/index.js.map
npm notice 10.2kB dist/esm5/internal/ajax/ajax.js
npm notice 8.9kB dist/esm5/internal/ajax/ajax.js.map
npm notice 1.2kB dist/esm5/internal/ajax/AjaxResponse.js
npm notice 1.2kB dist/esm5/internal/ajax/AjaxResponse.js.map
npm notice 1.0kB dist/esm5/internal/ajax/errors.js
npm notice 1.1kB dist/esm5/internal/ajax/errors.js.map
npm notice 670B dist/esm5/internal/ajax/getXHRResponse.js
npm notice 652B dist/esm5/internal/ajax/getXHRResponse.js.map
npm notice 44B dist/esm5/internal/ajax/types.js
npm notice 125B dist/esm5/internal/ajax/types.js.map
npm notice 49B dist/esm5/internal/AnyCatcher.js
npm notice 127B dist/esm5/internal/AnyCatcher.js.map
npm notice 1.5kB dist/esm5/internal/AsyncSubject.js
npm notice 1.1kB dist/esm5/internal/AsyncSubject.js.map
npm notice 1.3kB dist/esm5/internal/BehaviorSubject.js
npm notice 883B dist/esm5/internal/BehaviorSubject.js.map
npm notice 231B dist/esm5/internal/config.js
npm notice 273B dist/esm5/internal/config.js.map
npm notice 784B dist/esm5/internal/firstValueFrom.js
npm notice 742B dist/esm5/internal/firstValueFrom.js.map
npm notice 814B dist/esm5/internal/lastValueFrom.js
npm notice 748B dist/esm5/internal/lastValueFrom.js.map
npm notice 3.2kB dist/esm5/internal/Notification.js
npm notice 2.5kB dist/esm5/internal/Notification.js.map
npm notice 499B dist/esm5/internal/NotificationFactories.js
npm notice 598B dist/esm5/internal/NotificationFactories.js.map
npm notice 3.8kB dist/esm5/internal/Observable.js
npm notice 3.1kB dist/esm5/internal/Observable.js.map
npm notice 261B dist/esm5/internal/observable/bindCallback.js
npm notice 325B dist/esm5/internal/observable/bindCallback.js.map
npm notice 3.0kB dist/esm5/internal/observable/bindCallbackInternals.js
npm notice 2.1kB dist/esm5/internal/observable/bindCallbackInternals.js.map
npm notice 268B dist/esm5/internal/observable/bindNodeCallback.js
npm notice 335B dist/esm5/internal/observable/bindNodeCallback.js.map
npm notice 2.8kB dist/esm5/internal/observable/combineLatest.js
npm notice 2.4kB dist/esm5/internal/observable/combineLatest.js.map
npm notice 358B dist/esm5/internal/observable/concat.js
npm notice 423B dist/esm5/internal/observable/concat.js.map
npm notice 1.0kB dist/esm5/internal/observable/connectable.js
npm notice 1.1kB dist/esm5/internal/observable/connectable.js.map
npm notice 2.5kB dist/esm5/internal/observable/ConnectableObservable.js
npm notice 2.0kB dist/esm5/internal/observable/ConnectableObservable.js.map
npm notice 283B dist/esm5/internal/observable/defer.js
npm notice 377B dist/esm5/internal/observable/defer.js.map
npm notice 1.4kB dist/esm5/internal/observable/dom/animationFrames.js
npm notice 1.2kB dist/esm5/internal/observable/dom/animationFrames.js.map
npm notice 2.1kB dist/esm5/internal/observable/dom/fetch.js
npm notice 1.7kB dist/esm5/internal/observable/dom/fetch.js.map
npm notice 193B dist/esm5/internal/observable/dom/webSocket.js
npm notice 280B dist/esm5/internal/observable/dom/webSocket.js.map
npm notice 8.0kB dist/esm5/internal/observable/dom/WebSocketSubject.js
npm notice 6.5kB dist/esm5/internal/observable/dom/WebSocketSubject.js.map
npm notice 431B dist/esm5/internal/observable/empty.js
npm notice 570B dist/esm5/internal/observable/empty.js.map
npm notice 2.0kB dist/esm5/internal/observable/forkJoin.js
npm notice 1.7kB dist/esm5/internal/observable/forkJoin.js.map
npm notice 239B dist/esm5/internal/observable/from.js
npm notice 367B dist/esm5/internal/observable/from.js.map
npm notice 2.6kB dist/esm5/internal/observable/fromEvent.js
npm notice 2.5kB dist/esm5/internal/observable/fromEvent.js.map
npm notice 871B dist/esm5/internal/observable/fromEventPattern.js
npm notice 900B dist/esm5/internal/observable/fromEventPattern.js.map
npm notice 236B dist/esm5/internal/observable/fromSubscribable.js
npm notice 336B dist/esm5/internal/observable/fromSubscribable.js.map
npm notice 1.8kB dist/esm5/internal/observable/generate.js
npm notice 1.2kB dist/esm5/internal/observable/generate.js.map
npm notice 208B dist/esm5/internal/observable/iif.js
npm notice 345B dist/esm5/internal/observable/iif.js.map
npm notice 5.4kB dist/esm5/internal/observable/innerFrom.js
npm notice 3.1kB dist/esm5/internal/observable/innerFrom.js.map
npm notice 368B dist/esm5/internal/observable/interval.js
npm notice 434B dist/esm5/internal/observable/interval.js.map
npm notice 711B dist/esm5/internal/observable/merge.js
npm notice 801B dist/esm5/internal/observable/merge.js.map
npm notice 201B dist/esm5/internal/observable/never.js
npm notice 325B dist/esm5/internal/observable/never.js.map
npm notice 316B dist/esm5/internal/observable/of.js
npm notice 392B dist/esm5/internal/observable/of.js.map
npm notice 1.3kB dist/esm5/internal/observable/onErrorResumeNext.js
npm notice 1.1kB dist/esm5/internal/observable/onErrorResumeNext.js.map
npm notice 155B dist/esm5/internal/observable/pairs.js
npm notice 296B dist/esm5/internal/observable/pairs.js.map
npm notice 329B dist/esm5/internal/observable/partition.js
npm notice 495B dist/esm5/internal/observable/partition.js.map
npm notice 1.2kB dist/esm5/internal/observable/race.js
npm notice 1.2kB dist/esm5/internal/observable/race.js.map
npm notice 1.0kB dist/esm5/internal/observable/range.js
npm notice 985B dist/esm5/internal/observable/range.js.map
npm notice 522B dist/esm5/internal/observable/throwError.js
npm notice 645B dist/esm5/internal/observable/throwError.js.map
npm notice 1.2kB dist/esm5/internal/observable/timer.js
npm notice 1.2kB dist/esm5/internal/observable/timer.js.map
npm notice 580B dist/esm5/internal/observable/using.js
npm notice 660B dist/esm5/internal/observable/using.js.map
npm notice 2.1kB dist/esm5/internal/observable/zip.js
npm notice 1.9kB dist/esm5/internal/observable/zip.js.map
npm notice 47B dist/esm5/internal/Operator.js
npm notice 123B dist/esm5/internal/Operator.js.map
npm notice 1.5kB dist/esm5/internal/operators/audit.js
npm notice 1.4kB dist/esm5/internal/operators/audit.js.map
npm notice 351B dist/esm5/internal/operators/auditTime.js
npm notice 425B dist/esm5/internal/operators/auditTime.js.map
npm notice 876B dist/esm5/internal/operators/buffer.js
npm notice 897B dist/esm5/internal/operators/buffer.js.map
npm notice 3.0kB dist/esm5/internal/operators/bufferCount.js
npm notice 1.4kB dist/esm5/internal/operators/bufferCount.js.map
npm notice 3.4kB dist/esm5/internal/operators/bufferTime.js
npm notice 2.4kB dist/esm5/internal/operators/bufferTime.js.map
npm notice 1.9kB dist/esm5/internal/operators/bufferToggle.js
npm notice 1.4kB dist/esm5/internal/operators/bufferToggle.js.map
npm notice 1.2kB dist/esm5/internal/operators/bufferWhen.js
npm notice 1.1kB dist/esm5/internal/operators/bufferWhen.js.map
npm notice 976B dist/esm5/internal/operators/catchError.js
npm notice 955B dist/esm5/internal/operators/catchError.js.map
npm notice 135B dist/esm5/internal/operators/combineAll.js
npm notice 226B dist/esm5/internal/operators/combineAll.js.map
npm notice 892B dist/esm5/internal/operators/combineLatest.js
npm notice 777B dist/esm5/internal/operators/combineLatest.js.map
npm notice 259B dist/esm5/internal/operators/combineLatestAll.js
npm notice 332B dist/esm5/internal/operators/combineLatestAll.js.map
npm notice 389B dist/esm5/internal/operators/combineLatestWith.js
npm notice 327B dist/esm5/internal/operators/combineLatestWith.js.map
npm notice 588B dist/esm5/internal/operators/concat.js
npm notice 586B dist/esm5/internal/operators/concat.js.map
npm notice 132B dist/esm5/internal/operators/concatAll.js
npm notice 246B dist/esm5/internal/operators/concatAll.js.map
npm notice 281B dist/esm5/internal/operators/concatMap.js
npm notice 413B dist/esm5/internal/operators/concatMap.js.map
npm notice 355B dist/esm5/internal/operators/concatMapTo.js
npm notice 437B dist/esm5/internal/operators/concatMapTo.js.map
npm notice 354B dist/esm5/internal/operators/concatWith.js
npm notice 309B dist/esm5/internal/operators/concatWith.js.map
npm notice 676B dist/esm5/internal/operators/connect.js
npm notice 756B dist/esm5/internal/operators/connect.js.map
npm notice 223B dist/esm5/internal/operators/count.js
npm notice 411B dist/esm5/internal/operators/count.js.map
npm notice 1.4kB dist/esm5/internal/operators/debounce.js
npm notice 1.2kB dist/esm5/internal/operators/debounce.js.map
npm notice 1.6kB dist/esm5/internal/operators/debounceTime.js
npm notice 1.4kB dist/esm5/internal/operators/debounceTime.js.map
npm notice 594B dist/esm5/internal/operators/defaultIfEmpty.js
npm notice 635B dist/esm5/internal/operators/defaultIfEmpty.js.map
npm notice 374B dist/esm5/internal/operators/delay.js
npm notice 446B dist/esm5/internal/operators/delay.js.map
npm notice 702B dist/esm5/internal/operators/delayWhen.js
npm notice 839B dist/esm5/internal/operators/delayWhen.js.map
npm notice 443B dist/esm5/internal/operators/dematerialize.js
npm notice 496B dist/esm5/internal/operators/dematerialize.js.map
npm notice 811B dist/esm5/internal/operators/distinct.js
npm notice 910B dist/esm5/internal/operators/distinct.js.map
npm notice 916B dist/esm5/internal/operators/distinctUntilChanged.js
npm notice 911B dist/esm5/internal/operators/distinctUntilChanged.js.map
npm notice 288B dist/esm5/internal/operators/distinctUntilKeyChanged.js
npm notice 481B dist/esm5/internal/operators/distinctUntilKeyChanged.js.map
npm notice 690B dist/esm5/internal/operators/elementAt.js
npm notice 805B dist/esm5/internal/operators/elementAt.js.map
npm notice 423B dist/esm5/internal/operators/endWith.js
npm notice 406B dist/esm5/internal/operators/endWith.js.map
npm notice 616B dist/esm5/internal/operators/every.js
npm notice 695B dist/esm5/internal/operators/every.js.map
npm notice 111B dist/esm5/internal/operators/exhaust.js
npm notice 214B dist/esm5/internal/operators/exhaust.js.map
npm notice 192B dist/esm5/internal/operators/exhaustAll.js
npm notice 291B dist/esm5/internal/operators/exhaustAll.js.map
npm notice 1.2kB dist/esm5/internal/operators/exhaustMap.js
npm notice 1.3kB dist/esm5/internal/operators/exhaustMap.js.map
npm notice 465B dist/esm5/internal/operators/expand.js
npm notice 554B dist/esm5/internal/operators/expand.js.map
npm notice 428B dist/esm5/internal/operators/filter.js
npm notice 546B dist/esm5/internal/operators/filter.js.map
npm notice 306B dist/esm5/internal/operators/finalize.js
npm notice 388B dist/esm5/internal/operators/finalize.js.map
npm notice 821B dist/esm5/internal/operators/find.js
npm notice 968B dist/esm5/internal/operators/find.js.map
npm notice 225B dist/esm5/internal/operators/findIndex.js
npm notice 344B dist/esm5/internal/operators/findIndex.js.map
npm notice 655B dist/esm5/internal/operators/first.js
npm notice 838B dist/esm5/internal/operators/first.js.map
npm notice 105B dist/esm5/internal/operators/flatMap.js
npm notice 214B dist/esm5/internal/operators/flatMap.js.map
npm notice 3.1kB dist/esm5/internal/operators/groupBy.js
npm notice 2.7kB dist/esm5/internal/operators/groupBy.js.map
npm notice 350B dist/esm5/internal/operators/ignoreElements.js
npm notice 435B dist/esm5/internal/operators/ignoreElements.js.map
npm notice 484B dist/esm5/internal/operators/isEmpty.js
npm notice 544B dist/esm5/internal/operators/isEmpty.js.map
npm notice 451B dist/esm5/internal/operators/joinAllInternals.js
npm notice 599B dist/esm5/internal/operators/joinAllInternals.js.map
npm notice 665B dist/esm5/internal/operators/last.js
npm notice 836B dist/esm5/internal/operators/last.js.map
npm notice 422B dist/esm5/internal/operators/map.js
npm notice 529B dist/esm5/internal/operators/map.js.map
npm notice 142B dist/esm5/internal/operators/mapTo.js
npm notice 268B dist/esm5/internal/operators/mapTo.js.map
npm notice 683B dist/esm5/internal/operators/materialize.js
npm notice 736B dist/esm5/internal/operators/materialize.js.map
npm notice 295B dist/esm5/internal/operators/max.js
npm notice 570B dist/esm5/internal/operators/max.js.map
npm notice 742B dist/esm5/internal/operators/merge.js
npm notice 755B dist/esm5/internal/operators/merge.js.map
npm notice 262B dist/esm5/internal/operators/mergeAll.js
npm notice 333B dist/esm5/internal/operators/mergeAll.js.map
npm notice 2.4kB dist/esm5/internal/operators/mergeInternals.js
npm notice 2.0kB dist/esm5/internal/operators/mergeInternals.js.map
npm notice 793B dist/esm5/internal/operators/mergeMap.js
npm notice 914B dist/esm5/internal/operators/mergeMap.js.map
npm notice 561B dist/esm5/internal/operators/mergeMapTo.js
npm notice 565B dist/esm5/internal/operators/mergeMapTo.js.map
npm notice 580B dist/esm5/internal/operators/mergeScan.js
npm notice 669B dist/esm5/internal/operators/mergeScan.js.map
npm notice 349B dist/esm5/internal/operators/mergeWith.js
npm notice 307B dist/esm5/internal/operators/mergeWith.js.map
npm notice 295B dist/esm5/internal/operators/min.js
npm notice 570B dist/esm5/internal/operators/min.js.map
npm notice 619B dist/esm5/internal/operators/multicast.js
npm notice 631B dist/esm5/internal/operators/multicast.js.map
npm notice 776B dist/esm5/internal/operators/observeOn.js
npm notice 844B dist/esm5/internal/operators/observeOn.js.map
npm notice 611B dist/esm5/internal/operators/onErrorResumeNextWith.js
npm notice 523B dist/esm5/internal/operators/onErrorResumeNextWith.js.map
npm notice 2.1kB dist/esm5/internal/operators/OperatorSubscriber.js
npm notice 1.6kB dist/esm5/internal/operators/OperatorSubscriber.js.map
npm notice 504B dist/esm5/internal/operators/pairwise.js
npm notice 600B dist/esm5/internal/operators/pairwise.js.map
npm notice 289B dist/esm5/internal/operators/partition.js
npm notice 444B dist/esm5/internal/operators/partition.js.map
npm notice 755B dist/esm5/internal/operators/pluck.js
npm notice 746B dist/esm5/internal/operators/pluck.js.map
npm notice 333B dist/esm5/internal/operators/publish.js
npm notice 494B dist/esm5/internal/operators/publish.js.map
npm notice 402B dist/esm5/internal/operators/publishBehavior.js
npm notice 438B dist/esm5/internal/operators/publishBehavior.js.map
npm notice 361B dist/esm5/internal/operators/publishLast.js
npm notice 410B dist/esm5/internal/operators/publishLast.js.map
npm notice 619B dist/esm5/internal/operators/publishReplay.js
npm notice 670B dist/esm5/internal/operators/publishReplay.js.map
npm notice 397B dist/esm5/internal/operators/race.js
npm notice 343B dist/esm5/internal/operators/race.js.map
npm notice 567B dist/esm5/internal/operators/raceWith.js
npm notice 534B dist/esm5/internal/operators/raceWith.js.map
npm notice 259B dist/esm5/internal/operators/reduce.js
npm notice 379B dist/esm5/internal/operators/reduce.js.map
npm notice 984B dist/esm5/internal/operators/refCount.js
npm notice 969B dist/esm5/internal/operators/refCount.js.map
npm notice 2.3kB dist/esm5/internal/operators/repeat.js
npm notice 1.7kB dist/esm5/internal/operators/repeat.js.map
npm notice 1.8kB dist/esm5/internal/operators/repeatWhen.js
npm notice 1.5kB dist/esm5/internal/operators/repeatWhen.js.map
npm notice 2.8kB dist/esm5/internal/operators/retry.js
npm notice 2.0kB dist/esm5/internal/operators/retry.js.map
npm notice 1.2kB dist/esm5/internal/operators/retryWhen.js
npm notice 1.1kB dist/esm5/internal/operators/retryWhen.js.map
npm notice 836B dist/esm5/internal/operators/sample.js
npm notice 854B dist/esm5/internal/operators/sample.js.map
npm notice 337B dist/esm5/internal/operators/sampleTime.js
npm notice 404B dist/esm5/internal/operators/sampleTime.js.map
npm notice 248B dist/esm5/internal/operators/scan.js
npm notice 365B dist/esm5/internal/operators/scan.js.map
npm notice 822B dist/esm5/internal/operators/scanInternals.js
npm notice 858B dist/esm5/internal/operators/scanInternals.js.map
npm notice 1.7kB dist/esm5/internal/operators/sequenceEqual.js
npm notice 1.6kB dist/esm5/internal/operators/sequenceEqual.js.map
npm notice 3.4kB dist/esm5/internal/operators/share.js
npm notice 2.7kB dist/esm5/internal/operators/share.js.map
npm notice 983B dist/esm5/internal/operators/shareReplay.js
npm notice 868B dist/esm5/internal/operators/shareReplay.js.map
npm notice 1.2kB dist/esm5/internal/operators/single.js
npm notice 1.1kB dist/esm5/internal/operators/single.js.map
npm notice 166B dist/esm5/internal/operators/skip.js
npm notice 296B dist/esm5/internal/operators/skip.js.map
npm notice 979B dist/esm5/internal/operators/skipLast.js
npm notice 936B dist/esm5/internal/operators/skipLast.js.map
npm notice 772B dist/esm5/internal/operators/skipUntil.js
npm notice 784B dist/esm5/internal/operators/skipUntil.js.map
npm notice 463B dist/esm5/internal/operators/skipWhile.js
npm notice 598B dist/esm5/internal/operators/skipWhile.js.map
npm notice 521B dist/esm5/internal/operators/startWith.js
npm notice 606B dist/esm5/internal/operators/startWith.js.map
npm notice 334B dist/esm5/internal/operators/subscribeOn.js
npm notice 443B dist/esm5/internal/operators/subscribeOn.js.map
npm notice 187B dist/esm5/internal/operators/switchAll.js
npm notice 289B dist/esm5/internal/operators/switchAll.js.map
npm notice 1.2kB dist/esm5/internal/operators/switchMap.js
npm notice 1.2kB dist/esm5/internal/operators/switchMap.js.map
npm notice 355B dist/esm5/internal/operators/switchMapTo.js
npm notice 437B dist/esm5/internal/operators/switchMapTo.js.map
npm notice 512B dist/esm5/internal/operators/switchScan.js
npm notice 660B dist/esm5/internal/operators/switchScan.js.map
npm notice 689B dist/esm5/internal/operators/take.js
npm notice 697B dist/esm5/internal/operators/take.js.map
npm notice 1.4kB dist/esm5/internal/operators/takeLast.js
npm notice 885B dist/esm5/internal/operators/takeLast.js.map
npm notice 521B dist/esm5/internal/operators/takeUntil.js
npm notice 607B dist/esm5/internal/operators/takeUntil.js.map
npm notice 582B dist/esm5/internal/operators/takeWhile.js
npm notice 653B dist/esm5/internal/operators/takeWhile.js.map
npm notice 1.8kB dist/esm5/internal/operators/tap.js
npm notice 1.3kB dist/esm5/internal/operators/tap.js.map
npm notice 1.9kB dist/esm5/internal/operators/throttle.js
npm notice 1.8kB dist/esm5/internal/operators/throttle.js.map
npm notice 413B dist/esm5/internal/operators/throttleTime.js
npm notice 485B dist/esm5/internal/operators/throttleTime.js.map
npm notice 721B dist/esm5/internal/operators/throwIfEmpty.js
npm notice 768B dist/esm5/internal/operators/throwIfEmpty.js.map
npm notice 862B dist/esm5/internal/operators/timeInterval.js
npm notice 838B dist/esm5/internal/operators/timeInterval.js.map
npm notice 2.9kB dist/esm5/internal/operators/timeout.js
npm notice 2.5kB dist/esm5/internal/operators/timeout.js.map
npm notice 870B dist/esm5/internal/operators/timeoutWith.js
npm notice 916B dist/esm5/internal/operators/timeoutWith.js.map
npm notice 377B dist/esm5/internal/operators/timestamp.js
npm notice 421B dist/esm5/internal/operators/timestamp.js.map
npm notice 336B dist/esm5/internal/operators/toArray.js
npm notice 507B dist/esm5/internal/operators/toArray.js.map
npm notice 1.3kB dist/esm5/internal/operators/window.js
npm notice 1.2kB dist/esm5/internal/operators/window.js.map
npm notice 2.1kB dist/esm5/internal/operators/windowCount.js
npm notice 1.6kB dist/esm5/internal/operators/windowCount.js.map
npm notice 3.0kB dist/esm5/internal/operators/windowTime.js
npm notice 2.6kB dist/esm5/internal/operators/windowTime.js.map
npm notice 2.7kB dist/esm5/internal/operators/windowToggle.js
npm notice 2.0kB dist/esm5/internal/operators/windowToggle.js.map
npm notice 1.6kB dist/esm5/internal/operators/windowWhen.js
npm notice 1.4kB dist/esm5/internal/operators/windowWhen.js.map
npm notice 1.6kB dist/esm5/internal/operators/withLatestFrom.js
npm notice 1.5kB dist/esm5/internal/operators/withLatestFrom.js.map
npm notice 471B dist/esm5/internal/operators/zip.js
npm notice 440B dist/esm5/internal/operators/zip.js.map
npm notice 209B dist/esm5/internal/operators/zipAll.js
npm notice 309B dist/esm5/internal/operators/zipAll.js.map
npm notice 336B dist/esm5/internal/operators/zipWith.js
npm notice 303B dist/esm5/internal/operators/zipWith.js.map
npm notice 2.8kB dist/esm5/internal/ReplaySubject.js
npm notice 2.4kB dist/esm5/internal/ReplaySubject.js.map
npm notice 540B dist/esm5/internal/scheduled/scheduleArray.js
npm notice 602B dist/esm5/internal/scheduled/scheduleArray.js.map
npm notice 856B dist/esm5/internal/scheduled/scheduleAsyncIterable.js
npm notice 827B dist/esm5/internal/scheduled/scheduleAsyncIterable.js.map
npm notice 1.6kB dist/esm5/internal/scheduled/scheduled.js
npm notice 1.4kB dist/esm5/internal/scheduled/scheduled.js.map
npm notice 1.2kB dist/esm5/internal/scheduled/scheduleIterable.js
npm notice 1.1kB dist/esm5/internal/scheduled/scheduleIterable.js.map
npm notice 344B dist/esm5/internal/scheduled/scheduleObservable.js
npm notice 440B dist/esm5/internal/scheduled/scheduleObservable.js.map
npm notice 338B dist/esm5/internal/scheduled/schedulePromise.js
npm notice 432B dist/esm5/internal/scheduled/schedulePromise.js.map
npm notice 355B dist/esm5/internal/scheduled/scheduleReadableStreamLike.js
npm notice 381B dist/esm5/internal/scheduled/scheduleReadableStreamLike.js.map
npm notice 629B dist/esm5/internal/Scheduler.js
npm notice 583B dist/esm5/internal/Scheduler.js.map
npm notice 456B dist/esm5/internal/scheduler/Action.js
npm notice 380B dist/esm5/internal/scheduler/Action.js.map
npm notice 315B dist/esm5/internal/scheduler/animationFrame.js
npm notice 347B dist/esm5/internal/scheduler/animationFrame.js.map
npm notice 1.7kB dist/esm5/internal/scheduler/AnimationFrameAction.js
npm notice 1.4kB dist/esm5/internal/scheduler/AnimationFrameAction.js.map
npm notice 1.6kB dist/esm5/internal/scheduler/animationFrameProvider.js
npm notice 1.1kB dist/esm5/internal/scheduler/animationFrameProvider.js.map
npm notice 1.2kB dist/esm5/internal/scheduler/AnimationFrameScheduler.js
npm notice 1.0kB dist/esm5/internal/scheduler/AnimationFrameScheduler.js.map
npm notice 215B dist/esm5/internal/scheduler/asap.js
npm notice 313B dist/esm5/internal/scheduler/asap.js.map
npm notice 1.6kB dist/esm5/internal/scheduler/AsapAction.js
npm notice 1.4kB dist/esm5/internal/scheduler/AsapAction.js.map
npm notice 1.1kB dist/esm5/internal/scheduler/AsapScheduler.js
npm notice 990B dist/esm5/internal/scheduler/AsapScheduler.js.map
npm notice 225B dist/esm5/internal/scheduler/async.js
npm notice 315B dist/esm5/internal/scheduler/async.js.map
npm notice 3.1kB dist/esm5/internal/scheduler/AsyncAction.js
npm notice 2.9kB dist/esm5/internal/scheduler/AsyncAction.js.map
npm notice 1.1kB dist/esm5/internal/scheduler/AsyncScheduler.js
npm notice 996B dist/esm5/internal/scheduler/AsyncScheduler.js.map
npm notice 207B dist/esm5/internal/scheduler/dateTimestampProvider.js
npm notice 314B dist/esm5/internal/scheduler/dateTimestampProvider.js.map
npm notice 880B dist/esm5/internal/scheduler/immediateProvider.js
npm notice 694B dist/esm5/internal/scheduler/immediateProvider.js.map
npm notice 897B dist/esm5/internal/scheduler/intervalProvider.js
npm notice 707B dist/esm5/internal/scheduler/intervalProvider.js.map
npm notice 235B dist/esm5/internal/scheduler/performanceTimestampProvider.js
npm notice 328B dist/esm5/internal/scheduler/performanceTimestampProvider.js.map
npm notice 225B dist/esm5/internal/scheduler/queue.js
npm notice 315B dist/esm5/internal/scheduler/queue.js.map
npm notice 1.3kB dist/esm5/internal/scheduler/QueueAction.js
npm notice 1.2kB dist/esm5/internal/scheduler/QueueAction.js.map
npm notice 394B dist/esm5/internal/scheduler/QueueScheduler.js
npm notice 268B dist/esm5/internal/scheduler/QueueScheduler.js.map
npm notice 886B dist/esm5/internal/scheduler/timeoutProvider.js
npm notice 699B dist/esm5/internal/scheduler/timeoutProvider.js.map
npm notice 50B dist/esm5/internal/scheduler/timerHandle.js
npm notice 142B dist/esm5/internal/scheduler/timerHandle.js.map
npm notice 3.6kB dist/esm5/internal/scheduler/VirtualTimeScheduler.js
npm notice 3.0kB dist/esm5/internal/scheduler/VirtualTimeScheduler.js.map
npm notice 6.1kB dist/esm5/internal/Subject.js
npm notice 3.9kB dist/esm5/internal/Subject.js.map
npm notice 6.0kB dist/esm5/internal/Subscriber.js
npm notice 4.5kB dist/esm5/internal/Subscriber.js.map
npm notice 5.7kB dist/esm5/internal/Subscription.js
npm notice 3.6kB dist/esm5/internal/Subscription.js.map
npm notice 242B dist/esm5/internal/symbol/iterator.js
npm notice 331B dist/esm5/internal/symbol/iterator.js.map
npm notice 161B dist/esm5/internal/symbol/observable.js
npm notice 269B dist/esm5/internal/symbol/observable.js.map
npm notice 1.7kB dist/esm5/internal/testing/ColdObservable.js
npm notice 1.4kB dist/esm5/internal/testing/ColdObservable.js.map
npm notice 1.7kB dist/esm5/internal/testing/HotObservable.js
npm notice 1.4kB dist/esm5/internal/testing/HotObservable.js.map
npm notice 391B dist/esm5/internal/testing/SubscriptionLog.js
npm notice 308B dist/esm5/internal/testing/SubscriptionLog.js.map
npm notice 797B dist/esm5/internal/testing/SubscriptionLoggable.js
npm notice 702B dist/esm5/internal/testing/SubscriptionLoggable.js.map
npm notice 50B dist/esm5/internal/testing/TestMessage.js
npm notice 140B dist/esm5/internal/testing/TestMessage.js.map
npm notice 25.1kB dist/esm5/internal/testing/TestScheduler.js
npm notice 17.9kB dist/esm5/internal/testing/TestScheduler.js.map
npm notice 44B dist/esm5/internal/types.js
npm notice 117B dist/esm5/internal/types.js.map
npm notice 466B dist/esm5/internal/util/applyMixins.js
npm notice 637B dist/esm5/internal/util/applyMixins.js.map
npm notice 500B dist/esm5/internal/util/args.js
npm notice 750B dist/esm5/internal/util/args.js.map
npm notice 746B dist/esm5/internal/util/argsArgArrayOrObject.js
npm notice 912B dist/esm5/internal/util/argsArgArrayOrObject.js.map
npm notice 179B dist/esm5/internal/util/argsOrArgArray.js
npm notice 356B dist/esm5/internal/util/argsOrArgArray.js.map
npm notice 360B dist/esm5/internal/util/ArgumentOutOfRangeError.js
npm notice 421B dist/esm5/internal/util/ArgumentOutOfRangeError.js.map
npm notice 182B dist/esm5/internal/util/arrRemove.js
npm notice 336B dist/esm5/internal/util/arrRemove.js.map
npm notice 377B dist/esm5/internal/util/createErrorClass.js
npm notice 517B dist/esm5/internal/util/createErrorClass.js.map
npm notice 190B dist/esm5/internal/util/createObject.js
npm notice 367B dist/esm5/internal/util/createObject.js.map
npm notice 290B dist/esm5/internal/util/EmptyError.js
npm notice 390B dist/esm5/internal/util/EmptyError.js.map
npm notice 750B dist/esm5/internal/util/errorContext.js
npm notice 783B dist/esm5/internal/util/errorContext.js.map
npm notice 579B dist/esm5/internal/util/executeSchedule.js
npm notice 610B dist/esm5/internal/util/executeSchedule.js.map
npm notice 82B dist/esm5/internal/util/identity.js
npm notice 192B dist/esm5/internal/util/identity.js.map
npm notice 772B dist/esm5/internal/util/Immediate.js
npm notice 894B dist/esm5/internal/util/Immediate.js.map
npm notice 153B dist/esm5/internal/util/isArrayLike.js
npm notice 279B dist/esm5/internal/util/isArrayLike.js.map
npm notice 243B dist/esm5/internal/util/isAsyncIterable.js
npm notice 328B dist/esm5/internal/util/isAsyncIterable.js.map
npm notice 124B dist/esm5/internal/util/isDate.js
npm notice 228B dist/esm5/internal/util/isDate.js.map
npm notice 116B dist/esm5/internal/util/isFunction.js
npm notice 211B dist/esm5/internal/util/isFunction.js.map
npm notice 258B dist/esm5/internal/util/isInteropObservable.js
npm notice 344B dist/esm5/internal/util/isInteropObservable.js.map
npm notice 278B dist/esm5/internal/util/isIterable.js
npm notice 341B dist/esm5/internal/util/isIterable.js.map
npm notice 269B dist/esm5/internal/util/isObservable.js
npm notice 402B dist/esm5/internal/util/isObservable.js.map
npm notice 198B dist/esm5/internal/util/isPromise.js
npm notice 281B dist/esm5/internal/util/isPromise.js.map
npm notice 1.5kB dist/esm5/internal/util/isReadableStreamLike.js
npm notice 611B dist/esm5/internal/util/isReadableStreamLike.js.map
npm notice 169B dist/esm5/internal/util/isScheduler.js
npm notice 274B dist/esm5/internal/util/isScheduler.js.map
npm notice 630B dist/esm5/internal/util/lift.js
npm notice 631B dist/esm5/internal/util/lift.js.map
npm notice 392B dist/esm5/internal/util/mapOneOrManyArgs.js
npm notice 512B dist/esm5/internal/util/mapOneOrManyArgs.js.map
npm notice 59B dist/esm5/internal/util/noop.js
npm notice 152B dist/esm5/internal/util/noop.js.map
npm notice 152B dist/esm5/internal/util/not.js
npm notice 285B dist/esm5/internal/util/not.js.map
npm notice 311B dist/esm5/internal/util/NotFoundError.js
npm notice 405B dist/esm5/internal/util/NotFoundError.js.map
npm notice 358B dist/esm5/internal/util/ObjectUnsubscribedError.js
npm notice 421B dist/esm5/internal/util/ObjectUnsubscribedError.js.map
npm notice 511B dist/esm5/internal/util/pipe.js
npm notice 642B dist/esm5/internal/util/pipe.js.map
npm notice 428B dist/esm5/internal/util/reportUnhandledError.js
npm notice 457B dist/esm5/internal/util/reportUnhandledError.js.map
npm notice 311B dist/esm5/internal/util/SequenceError.js
npm notice 405B dist/esm5/internal/util/SequenceError.js.map
npm notice 276B dist/esm5/internal/util/subscribeToArray.js
npm notice 456B dist/esm5/internal/util/subscribeToArray.js.map
npm notice 368B dist/esm5/internal/util/throwUnobservableError.js
npm notice 343B dist/esm5/internal/util/throwUnobservableError.js.map
npm notice 541B dist/esm5/internal/util/UnsubscriptionError.js
npm notice 648B dist/esm5/internal/util/UnsubscriptionError.js.map
npm notice 50B dist/esm5/internal/util/workarounds.js
npm notice 137B dist/esm5/internal/util/workarounds.js.map
npm notice 6.9kB dist/esm5/operators/index.js
npm notice 5.0kB dist/esm5/operators/index.js.map
npm notice 100B dist/esm5/testing/index.js
npm notice 157B dist/esm5/testing/index.js.map
npm notice 192B dist/esm5/webSocket/index.js
npm notice 215B dist/esm5/webSocket/index.js.map
npm notice 295B dist/types/ajax/index.d.ts
npm notice 317B dist/types/ajax/index.d.ts.map
npm notice 97B dist/types/fetch/index.d.ts
npm notice 157B dist/types/fetch/index.d.ts.map
npm notice 10.5kB dist/types/index.d.ts
npm notice 7.6kB dist/types/index.d.ts.map
npm notice 8.2kB dist/types/internal/ajax/ajax.d.ts
npm notice 1.7kB dist/types/internal/ajax/ajax.d.ts.map
npm notice 4.9kB dist/types/internal/ajax/AjaxResponse.d.ts
npm notice 872B dist/types/internal/ajax/AjaxResponse.d.ts.map
npm notice 2.1kB dist/types/internal/ajax/errors.d.ts
npm notice 777B dist/types/internal/ajax/errors.d.ts.map
npm notice 657B dist/types/internal/ajax/getXHRResponse.d.ts
npm notice 208B dist/types/internal/ajax/getXHRResponse.d.ts.map
npm notice 9.1kB dist/types/internal/ajax/types.d.ts
npm notice 2.0kB dist/types/internal/ajax/types.d.ts.map
npm notice 476B dist/types/internal/AnyCatcher.d.ts
npm notice 228B dist/types/internal/AnyCatcher.d.ts.map
npm notice 428B dist/types/internal/AsyncSubject.d.ts
npm notice 390B dist/types/internal/AsyncSubject.d.ts.map
npm notice 414B dist/types/internal/BehaviorSubject.d.ts
npm notice 388B dist/types/internal/BehaviorSubject.d.ts.map
npm notice 4.0kB dist/types/internal/config.d.ts
npm notice 671B dist/types/internal/config.d.ts.map
npm notice 349B dist/types/internal/firstValueFrom.d.ts
npm notice 483B dist/types/internal/firstValueFrom.d.ts.map
npm notice 344B dist/types/internal/lastValueFrom.d.ts
npm notice 481B dist/types/internal/lastValueFrom.d.ts.map
npm notice 9.0kB dist/types/internal/Notification.d.ts
npm notice 2.0kB dist/types/internal/Notification.d.ts.map
npm notice 62B dist/types/internal/NotificationFactories.d.ts
npm notice 151B dist/types/internal/NotificationFactories.d.ts.map
npm notice 7.9kB dist/types/internal/Observable.d.ts
npm notice 5.3kB dist/types/internal/Observable.d.ts.map
npm notice 579B dist/types/internal/observable/bindCallback.d.ts
npm notice 805B dist/types/internal/observable/bindCallback.d.ts.map
npm notice 315B dist/types/internal/observable/bindCallbackInternals.d.ts
npm notice 427B dist/types/internal/observable/bindCallbackInternals.d.ts.map
npm notice 601B dist/types/internal/observable/bindNodeCallback.d.ts
npm notice 837B dist/types/internal/observable/bindNodeCallback.d.ts.map
npm notice 3.4kB dist/types/internal/observable/combineLatest.d.ts
npm notice 2.4kB dist/types/internal/observable/combineLatest.d.ts.map
npm notice 423B dist/types/internal/observable/concat.d.ts
npm notice 541B dist/types/internal/observable/concat.d.ts.map
npm notice 1.3kB dist/types/internal/observable/connectable.d.ts
npm notice 498B dist/types/internal/observable/connectable.d.ts.map
npm notice 2.0kB dist/types/internal/observable/ConnectableObservable.d.ts
npm notice 844B dist/types/internal/observable/ConnectableObservable.d.ts.map
npm notice 2.2kB dist/types/internal/observable/defer.d.ts
npm notice 406B dist/types/internal/observable/defer.d.ts.map
npm notice 2.7kB dist/types/internal/observable/dom/animationFrames.d.ts
npm notice 377B dist/types/internal/observable/dom/animationFrames.d.ts.map
npm notice 392B dist/types/internal/observable/dom/fetch.d.ts
npm notice 512B dist/types/internal/observable/dom/fetch.d.ts.map
npm notice 10.2kB dist/types/internal/observable/dom/webSocket.d.ts
npm notice 479B dist/types/internal/observable/dom/webSocket.d.ts.map
npm notice 6.7kB dist/types/internal/observable/dom/WebSocketSubject.d.ts
npm notice 1.7kB dist/types/internal/observable/dom/WebSocketSubject.d.ts.map
npm notice 2.0kB dist/types/internal/observable/empty.d.ts
npm notice 380B dist/types/internal/observable/empty.d.ts.map
npm notice 1.8kB dist/types/internal/observable/forkJoin.d.ts
npm notice 1.5kB dist/types/internal/observable/forkJoin.d.ts.map
npm notice 543B dist/types/internal/observable/from.d.ts
npm notice 510B dist/types/internal/observable/from.d.ts.map
npm notice 3.7kB dist/types/internal/observable/fromEvent.d.ts
npm notice 3.8kB dist/types/internal/observable/fromEvent.d.ts.map
npm notice 528B dist/types/internal/observable/fromEventPattern.d.ts
npm notice 672B dist/types/internal/observable/fromEventPattern.d.ts.map
npm notice 488B dist/types/internal/observable/fromSubscribable.d.ts
npm notice 325B dist/types/internal/observable/fromSubscribable.d.ts.map
npm notice 10.4kB dist/types/internal/observable/generate.d.ts
npm notice 1.7kB dist/types/internal/observable/generate.d.ts.map
npm notice 2.5kB dist/types/internal/observable/iif.d.ts
npm notice 470B dist/types/internal/observable/iif.d.ts.map
npm notice 1.3kB dist/types/internal/observable/innerFrom.d.ts
npm notice 798B dist/types/internal/observable/innerFrom.d.ts.map
npm notice 1.7kB dist/types/internal/observable/interval.d.ts
npm notice 358B dist/types/internal/observable/interval.d.ts.map
npm notice 1.1kB dist/types/internal/observable/merge.d.ts
npm notice 922B dist/types/internal/observable/merge.d.ts.map
npm notice 1.2kB dist/types/internal/observable/never.d.ts
npm notice 283B dist/types/internal/observable/never.d.ts.map
npm notice 1.2kB dist/types/internal/observable/of.d.ts
npm notice 907B dist/types/internal/observable/of.d.ts.map
npm notice 413B dist/types/internal/observable/onErrorResumeNext.d.ts
npm notice 538B dist/types/internal/observable/onErrorResumeNext.d.ts.map
npm notice 972B dist/types/internal/observable/pairs.d.ts
npm notice 912B dist/types/internal/observable/pairs.d.ts.map
npm notice 1.0kB dist/types/internal/observable/partition.d.ts
npm notice 1.2kB dist/types/internal/observable/partition.d.ts.map
npm notice 687B dist/types/internal/observable/race.d.ts
npm notice 670B dist/types/internal/observable/race.d.ts.map
npm notice 523B dist/types/internal/observable/range.d.ts
npm notice 435B dist/types/internal/observable/range.d.ts.map
npm notice 4.0kB dist/types/internal/observable/throwError.d.ts
npm notice 588B dist/types/internal/observable/throwError.d.ts.map
npm notice 5.2kB dist/types/internal/observable/timer.d.ts
npm notice 710B dist/types/internal/observable/timer.d.ts.map
npm notice 2.5kB dist/types/internal/observable/using.d.ts
npm notice 474B dist/types/internal/observable/using.d.ts.map
npm notice 665B dist/types/internal/observable/zip.d.ts
npm notice 858B dist/types/internal/observable/zip.d.ts.map
npm notice 329B dist/types/internal/Operator.d.ts
npm notice 344B dist/types/internal/Operator.d.ts.map
npm notice 2.0kB dist/types/internal/operators/audit.d.ts
npm notice 361B dist/types/internal/operators/audit.d.ts.map
npm notice 2.2kB dist/types/internal/operators/auditTime.d.ts
npm notice 349B dist/types/internal/operators/auditTime.d.ts.map
npm notice 1.5kB dist/types/internal/operators/buffer.d.ts
npm notice 344B dist/types/internal/operators/buffer.d.ts.map
npm notice 2.0kB dist/types/internal/operators/bufferCount.d.ts
npm notice 374B dist/types/internal/operators/bufferCount.d.ts.map
npm notice 573B dist/types/internal/operators/bufferTime.d.ts
npm notice 666B dist/types/internal/operators/bufferTime.d.ts.map
npm notice 1.8kB dist/types/internal/operators/bufferToggle.d.ts
npm notice 434B dist/types/internal/operators/bufferToggle.d.ts.map
npm notice 1.6kB dist/types/internal/operators/bufferWhen.d.ts
npm notice 357B dist/types/internal/operators/bufferWhen.d.ts.map
npm notice 329B dist/types/internal/operators/catchError.d.ts
npm notice 456B dist/types/internal/operators/catchError.d.ts.map
npm notice 236B dist/types/internal/operators/combineAll.d.ts
npm notice 229B dist/types/internal/operators/combineAll.d.ts.map
npm notice 1.1kB dist/types/internal/operators/combineLatest.d.ts
npm notice 1.1kB dist/types/internal/operators/combineLatest.d.ts.map
npm notice 504B dist/types/internal/operators/combineLatestAll.d.ts
npm notice 663B dist/types/internal/operators/combineLatestAll.d.ts.map
npm notice 1.8kB dist/types/internal/operators/combineLatestWith.d.ts
npm notice 455B dist/types/internal/operators/combineLatestWith.d.ts.map
npm notice 583B dist/types/internal/operators/concat.d.ts
npm notice 601B dist/types/internal/operators/concat.d.ts.map
npm notice 2.1kB dist/types/internal/operators/concatAll.d.ts
npm notice 377B dist/types/internal/operators/concatAll.d.ts.map
npm notice 1.0kB dist/types/internal/operators/concatMap.d.ts
npm notice 925B dist/types/internal/operators/concatMap.d.ts.map
npm notice 1.1kB dist/types/internal/operators/concatMapTo.d.ts
npm notice 783B dist/types/internal/operators/concatMapTo.d.ts.map
npm notice 1.4kB dist/types/internal/operators/concatWith.d.ts
npm notice 429B dist/types/internal/operators/concatWith.d.ts.map
npm notice 3.5kB dist/types/internal/operators/connect.d.ts
npm notice 655B dist/types/internal/operators/connect.d.ts.map
npm notice 2.2kB dist/types/internal/operators/count.d.ts
npm notice 378B dist/types/internal/operators/count.d.ts.map
npm notice 2.9kB dist/types/internal/operators/debounce.d.ts
npm notice 380B dist/types/internal/operators/debounce.d.ts.map
npm notice 2.8kB dist/types/internal/operators/debounceTime.d.ts
npm notice 367B dist/types/internal/operators/debounceTime.d.ts.map
npm notice 1.4kB dist/types/internal/operators/defaultIfEmpty.d.ts
npm notice 347B dist/types/internal/operators/defaultIfEmpty.d.ts.map
npm notice 2.1kB dist/types/internal/operators/delay.d.ts
npm notice 360B dist/types/internal/operators/delay.d.ts.map
npm notice 547B dist/types/internal/operators/delayWhen.d.ts
npm notice 569B dist/types/internal/operators/delayWhen.d.ts.map
npm notice 2.0kB dist/types/internal/operators/dematerialize.d.ts
npm notice 385B dist/types/internal/operators/dematerialize.d.ts.map
npm notice 2.4kB dist/types/internal/operators/distinct.d.ts
npm notice 416B dist/types/internal/operators/distinct.d.ts.map
npm notice 393B dist/types/internal/operators/distinctUntilChanged.d.ts
npm notice 520B dist/types/internal/operators/distinctUntilChanged.d.ts.map
npm notice 349B dist/types/internal/operators/distinctUntilKeyChanged.d.ts
npm notice 498B dist/types/internal/operators/distinctUntilKeyChanged.d.ts.map
npm notice 1.9kB dist/types/internal/operators/elementAt.d.ts
npm notice 384B dist/types/internal/operators/elementAt.d.ts.map
npm notice 822B dist/types/internal/operators/endWith.d.ts
npm notice 664B dist/types/internal/operators/endWith.d.ts.map
npm notice 941B dist/types/internal/operators/every.d.ts
npm notice 958B dist/types/internal/operators/every.d.ts.map
npm notice 206B dist/types/internal/operators/exhaust.d.ts
npm notice 218B dist/types/internal/operators/exhaust.d.ts.map
npm notice 1.9kB dist/types/internal/operators/exhaustAll.d.ts
npm notice 367B dist/types/internal/operators/exhaustAll.d.ts.map
npm notice 982B dist/types/internal/operators/exhaustMap.d.ts
npm notice 902B dist/types/internal/operators/exhaustMap.d.ts.map
npm notice 846B dist/types/internal/operators/expand.d.ts
npm notice 696B dist/types/internal/operators/expand.d.ts.map
npm notice 975B dist/types/internal/operators/filter.d.ts
npm notice 1.0kB dist/types/internal/operators/filter.d.ts.map
npm notice 1.9kB dist/types/internal/operators/finalize.d.ts
npm notice 335B dist/types/internal/operators/finalize.d.ts.map
npm notice 1.4kB dist/types/internal/operators/find.d.ts
npm notice 1.5kB dist/types/internal/operators/find.d.ts.map
npm notice 919B dist/types/internal/operators/findIndex.d.ts
npm notice 924B dist/types/internal/operators/findIndex.d.ts.map
npm notice 969B dist/types/internal/operators/first.d.ts
npm notice 1.3kB dist/types/internal/operators/first.d.ts.map
npm notice 198B dist/types/internal/operators/flatMap.d.ts
npm notice 218B dist/types/internal/operators/flatMap.d.ts.map
npm notice 5.1kB dist/types/internal/operators/groupBy.d.ts
npm notice 2.8kB dist/types/internal/operators/groupBy.d.ts.map
npm notice 1.4kB dist/types/internal/operators/ignoreElements.d.ts
npm notice 296B dist/types/internal/operators/ignoreElements.d.ts.map
npm notice 1.8kB dist/types/internal/operators/isEmpty.d.ts
npm notice 319B dist/types/internal/operators/isEmpty.d.ts.map
npm notice 810B dist/types/internal/operators/joinAllInternals.d.ts
npm notice 440B dist/types/internal/operators/joinAllInternals.d.ts.map
npm notice 793B dist/types/internal/operators/last.d.ts
npm notice 1.1kB dist/types/internal/operators/last.d.ts.map
npm notice 415B dist/types/internal/operators/map.d.ts
npm notice 522B dist/types/internal/operators/map.d.ts.map
npm notice 544B dist/types/internal/operators/mapTo.d.ts
npm notice 389B dist/types/internal/operators/mapTo.d.ts.map
npm notice 2.2kB dist/types/internal/operators/materialize.d.ts
npm notice 411B dist/types/internal/operators/materialize.d.ts.map
npm notice 1.3kB dist/types/internal/operators/max.d.ts
npm notice 355B dist/types/internal/operators/max.d.ts.map
npm notice 1.1kB dist/types/internal/operators/merge.d.ts
npm notice 1.0kB dist/types/internal/operators/merge.d.ts.map
npm notice 2.3kB dist/types/internal/operators/mergeAll.d.ts
npm notice 399B dist/types/internal/operators/mergeAll.d.ts.map
npm notice 1.3kB dist/types/internal/operators/mergeInternals.d.ts
npm notice 659B dist/types/internal/operators/mergeInternals.d.ts.map
npm notice 1.1kB dist/types/internal/operators/mergeMap.d.ts
npm notice 1.0kB dist/types/internal/operators/mergeMap.d.ts.map
npm notice 791B dist/types/internal/operators/mergeMapTo.d.ts
npm notice 670B dist/types/internal/operators/mergeMapTo.d.ts.map
npm notice 2.9kB dist/types/internal/operators/mergeScan.d.ts
npm notice 486B dist/types/internal/operators/mergeScan.d.ts.map
npm notice 1.5kB dist/types/internal/operators/mergeWith.d.ts
npm notice 428B dist/types/internal/operators/mergeWith.d.ts.map
npm notice 1.3kB dist/types/internal/operators/min.d.ts
npm notice 355B dist/types/internal/operators/min.d.ts.map
npm notice 4.0kB dist/types/internal/operators/multicast.d.ts
npm notice 1.1kB dist/types/internal/operators/multicast.d.ts.map
npm notice 3.3kB dist/types/internal/operators/observeOn.d.ts
npm notice 361B dist/types/internal/operators/observeOn.d.ts.map
npm notice 599B dist/types/internal/operators/onErrorResumeNextWith.d.ts
npm notice 631B dist/types/internal/operators/onErrorResumeNextWith.d.ts.map
npm notice 2.9kB dist/types/internal/operators/OperatorSubscriber.d.ts
npm notice 879B dist/types/internal/operators/OperatorSubscriber.d.ts.map
npm notice 1.6kB dist/types/internal/operators/pairwise.d.ts
npm notice 322B dist/types/internal/operators/pairwise.d.ts.map
npm notice 2.6kB dist/types/internal/operators/partition.d.ts
npm notice 506B dist/types/internal/operators/partition.d.ts.map
npm notice 2.7kB dist/types/internal/operators/pluck.d.ts
npm notice 3.2kB dist/types/internal/operators/pluck.d.ts.map
npm notice 1.8kB dist/types/internal/operators/publish.d.ts
npm notice 614B dist/types/internal/operators/publish.d.ts.map
npm notice 1.3kB dist/types/internal/operators/publishBehavior.d.ts
npm notice 420B dist/types/internal/operators/publishBehavior.d.ts.map
npm notice 2.7kB dist/types/internal/operators/publishLast.d.ts
npm notice 443B dist/types/internal/operators/publishLast.d.ts.map
npm notice 4.2kB dist/types/internal/operators/publishReplay.d.ts
npm notice 996B dist/types/internal/operators/publishReplay.d.ts.map
npm notice 538B dist/types/internal/operators/race.d.ts
npm notice 568B dist/types/internal/operators/race.d.ts.map
npm notice 1.1kB dist/types/internal/operators/raceWith.d.ts
npm notice 411B dist/types/internal/operators/raceWith.d.ts.map
npm notice 467B dist/types/internal/operators/reduce.d.ts
npm notice 770B dist/types/internal/operators/reduce.d.ts.map
npm notice 2.5kB dist/types/internal/operators/refCount.d.ts
npm notice 308B dist/types/internal/operators/refCount.d.ts.map
npm notice 3.6kB dist/types/internal/operators/repeat.d.ts
npm notice 555B dist/types/internal/operators/repeat.d.ts.map
npm notice 1.6kB dist/types/internal/operators/repeatWhen.d.ts
npm notice 414B dist/types/internal/operators/repeatWhen.d.ts.map
npm notice 1.3kB dist/types/internal/operators/retry.d.ts
npm notice 597B dist/types/internal/operators/retry.d.ts.map
npm notice 2.2kB dist/types/internal/operators/retryWhen.d.ts
npm notice 435B dist/types/internal/operators/retryWhen.d.ts.map
npm notice 1.6kB dist/types/internal/operators/sample.d.ts
npm notice 331B dist/types/internal/operators/sample.d.ts.map
npm notice 1.8kB dist/types/internal/operators/sampleTime.d.ts
npm notice 347B dist/types/internal/operators/sampleTime.d.ts.map
npm notice 455B dist/types/internal/operators/scan.d.ts
npm notice 756B dist/types/internal/operators/scan.d.ts.map
npm notice 754B dist/types/internal/operators/scanInternals.d.ts
npm notice 546B dist/types/internal/operators/scanInternals.d.ts.map
npm notice 2.5kB dist/types/internal/operators/sequenceEqual.d.ts
npm notice 441B dist/types/internal/operators/sequenceEqual.d.ts.map
npm notice 3.3kB dist/types/internal/operators/share.d.ts
npm notice 735B dist/types/internal/operators/share.d.ts.map
npm notice 486B dist/types/internal/operators/shareReplay.d.ts
npm notice 559B dist/types/internal/operators/shareReplay.d.ts.map
npm notice 408B dist/types/internal/operators/single.d.ts
npm notice 510B dist/types/internal/operators/single.d.ts.map
npm notice 1.2kB dist/types/internal/operators/skip.d.ts
npm notice 294B dist/types/internal/operators/skip.d.ts.map
npm notice 1.6kB dist/types/internal/operators/skipLast.d.ts
npm notice 312B dist/types/internal/operators/skipLast.d.ts.map
npm notice 2.2kB dist/types/internal/operators/skipUntil.d.ts
npm notice 342B dist/types/internal/operators/skipUntil.d.ts.map
npm notice 480B dist/types/internal/operators/skipWhile.d.ts
npm notice 610B dist/types/internal/operators/skipWhile.d.ts.map
npm notice 744B dist/types/internal/operators/startWith.d.ts
npm notice 773B dist/types/internal/operators/startWith.d.ts.map
npm notice 1.9kB dist/types/internal/operators/subscribeOn.d.ts
npm notice 364B dist/types/internal/operators/subscribeOn.d.ts.map
npm notice 2.0kB dist/types/internal/operators/switchAll.d.ts
npm notice 379B dist/types/internal/operators/switchAll.d.ts.map
npm notice 1.0kB dist/types/internal/operators/switchMap.d.ts
npm notice 925B dist/types/internal/operators/switchMap.d.ts.map
npm notice 1.1kB dist/types/internal/operators/switchMapTo.d.ts
npm notice 783B dist/types/internal/operators/switchMapTo.d.ts.map
npm notice 948B dist/types/internal/operators/switchScan.d.ts
npm notice 468B dist/types/internal/operators/switchScan.d.ts.map
npm notice 1.4kB dist/types/internal/operators/take.d.ts
npm notice 304B dist/types/internal/operators/take.d.ts.map
npm notice 1.6kB dist/types/internal/operators/takeLast.d.ts
npm notice 309B dist/types/internal/operators/takeLast.d.ts.map
npm notice 1.6kB dist/types/internal/operators/takeUntil.d.ts
npm notice 335B dist/types/internal/operators/takeUntil.d.ts.map
npm notice 883B dist/types/internal/operators/takeWhile.d.ts
npm notice 1.0kB dist/types/internal/operators/takeWhile.d.ts.map
npm notice 3.2kB dist/types/internal/operators/tap.d.ts
npm notice 860B dist/types/internal/operators/tap.d.ts.map
npm notice 3.2kB dist/types/internal/operators/throttle.d.ts
npm notice 530B dist/types/internal/operators/throttle.d.ts.map
npm notice 2.3kB dist/types/internal/operators/throttleTime.d.ts
npm notice 427B dist/types/internal/operators/throttleTime.d.ts.map
npm notice 1.2kB dist/types/internal/operators/throwIfEmpty.d.ts
npm notice 319B dist/types/internal/operators/throwIfEmpty.d.ts.map
npm notice 1.8kB dist/types/internal/operators/timeInterval.d.ts
npm notice 478B dist/types/internal/operators/timeInterval.d.ts.map
npm notice 10.9kB dist/types/internal/operators/timeout.d.ts
npm notice 2.1kB dist/types/internal/operators/timeout.d.ts.map
npm notice 824B dist/types/internal/operators/timeoutWith.d.ts
npm notice 571B dist/types/internal/operators/timeoutWith.d.ts.map
npm notice 1.5kB dist/types/internal/operators/timestamp.d.ts
npm notice 354B dist/types/internal/operators/timestamp.d.ts.map
npm notice 973B dist/types/internal/operators/toArray.d.ts
npm notice 292B dist/types/internal/operators/toArray.d.ts.map
npm notice 1.9kB dist/types/internal/operators/window.d.ts
npm notice 403B dist/types/internal/operators/window.d.ts.map
npm notice 2.5kB dist/types/internal/operators/windowCount.d.ts
npm notice 426B dist/types/internal/operators/windowCount.d.ts.map
npm notice 623B dist/types/internal/operators/windowTime.d.ts
npm notice 717B dist/types/internal/operators/windowTime.d.ts.map
npm notice 2.0kB dist/types/internal/operators/windowToggle.d.ts
npm notice 489B dist/types/internal/operators/windowToggle.d.ts.map
npm notice 2.0kB dist/types/internal/operators/windowWhen.d.ts
npm notice 414B dist/types/internal/operators/windowWhen.d.ts.map
npm notice 408B dist/types/internal/operators/withLatestFrom.d.ts
npm notice 609B dist/types/internal/operators/withLatestFrom.d.ts.map
npm notice 1.0kB dist/types/internal/operators/zip.d.ts
npm notice 1.1kB dist/types/internal/operators/zip.d.ts.map
npm notice 691B dist/types/internal/operators/zipAll.d.ts
npm notice 651B dist/types/internal/operators/zipAll.d.ts.map
npm notice 1.6kB dist/types/internal/operators/zipWith.d.ts
npm notice 414B dist/types/internal/operators/zipWith.d.ts.map
npm notice 2.5kB dist/types/internal/ReplaySubject.d.ts
npm notice 575B dist/types/internal/ReplaySubject.d.ts.map
npm notice 233B dist/types/internal/scheduled/scheduleArray.d.ts
npm notice 319B dist/types/internal/scheduled/scheduleArray.d.ts.map
npm notice 253B dist/types/internal/scheduled/scheduleAsyncIterable.d.ts
npm notice 337B dist/types/internal/scheduled/scheduleAsyncIterable.d.ts.map
npm notice 657B dist/types/internal/scheduled/scheduled.d.ts
npm notice 364B dist/types/internal/scheduled/scheduled.d.ts.map
npm notice 416B dist/types/internal/scheduled/scheduleIterable.d.ts
npm notice 340B dist/types/internal/scheduled/scheduleIterable.d.ts.map
npm notice 250B dist/types/internal/scheduled/scheduleObservable.d.ts
npm notice 303B dist/types/internal/scheduled/scheduleObservable.d.ts.map
npm notice 219B dist/types/internal/scheduled/schedulePromise.d.ts
npm notice 281B dist/types/internal/scheduled/schedulePromise.d.ts.map
npm notice 288B dist/types/internal/scheduled/scheduleReadableStreamLike.d.ts
npm notice 384B dist/types/internal/scheduled/scheduleReadableStreamLike.d.ts.map
npm notice 2.4kB dist/types/internal/Scheduler.d.ts
npm notice 672B dist/types/internal/Scheduler.d.ts.map
npm notice 1.3kB dist/types/internal/scheduler/Action.d.ts
npm notice 518B dist/types/internal/scheduler/Action.d.ts.map
npm notice 1.4kB dist/types/internal/scheduler/animationFrame.d.ts
npm notice 312B dist/types/internal/scheduler/animationFrame.d.ts.map
npm notice 786B dist/types/internal/scheduler/AnimationFrameAction.d.ts
npm notice 837B dist/types/internal/scheduler/AnimationFrameAction.d.ts.map
npm notice 544B dist/types/internal/scheduler/animationFrameProvider.d.ts
npm notice 494B dist/types/internal/scheduler/animationFrameProvider.d.ts.map
npm notice 265B dist/types/internal/scheduler/AnimationFrameScheduler.d.ts
npm notice 347B dist/types/internal/scheduler/AnimationFrameScheduler.d.ts.map
npm notice 1.7kB dist/types/internal/scheduler/asap.d.ts
npm notice 289B dist/types/internal/scheduler/asap.d.ts.map
npm notice 706B dist/types/internal/scheduler/AsapAction.d.ts
npm notice 805B dist/types/internal/scheduler/AsapAction.d.ts.map
npm notice 245B dist/types/internal/scheduler/AsapScheduler.d.ts
npm notice 325B dist/types/internal/scheduler/AsapScheduler.d.ts.map
npm notice 1.5kB dist/types/internal/scheduler/async.d.ts
npm notice 305B dist/types/internal/scheduler/async.d.ts.map
npm notice 1.1kB dist/types/internal/scheduler/AsyncAction.d.ts
npm notice 1.2kB dist/types/internal/scheduler/AsyncAction.d.ts.map
npm notice 374B dist/types/internal/scheduler/AsyncScheduler.d.ts
npm notice 471B dist/types/internal/scheduler/AsyncScheduler.d.ts.map
npm notice 282B dist/types/internal/scheduler/dateTimestampProvider.d.ts
npm notice 318B dist/types/internal/scheduler/dateTimestampProvider.d.ts.map
npm notice 569B dist/types/internal/scheduler/immediateProvider.d.ts
npm notice 561B dist/types/internal/scheduler/immediateProvider.d.ts.map
npm notice 573B dist/types/internal/scheduler/intervalProvider.d.ts
npm notice 584B dist/types/internal/scheduler/intervalProvider.d.ts.map
npm notice 310B dist/types/internal/scheduler/performanceTimestampProvider.d.ts
npm notice 332B dist/types/internal/scheduler/performanceTimestampProvider.d.ts.map
npm notice 2.1kB dist/types/internal/scheduler/queue.d.ts
npm notice 321B dist/types/internal/scheduler/queue.d.ts.map
npm notice 744B dist/types/internal/scheduler/QueueAction.d.ts
npm notice 871B dist/types/internal/scheduler/QueueAction.d.ts.map
npm notice 158B dist/types/internal/scheduler/QueueScheduler.d.ts
npm notice 224B dist/types/internal/scheduler/QueueScheduler.d.ts.map
npm notice 559B dist/types/internal/scheduler/timeoutProvider.d.ts
npm notice 577B dist/types/internal/scheduler/timeoutProvider.d.ts.map
npm notice 115B dist/types/internal/scheduler/timerHandle.d.ts
npm notice 204B dist/types/internal/scheduler/timerHandle.d.ts.map
npm notice 2.5kB dist/types/internal/scheduler/VirtualTimeScheduler.d.ts
npm notice 1.4kB dist/types/internal/scheduler/VirtualTimeScheduler.d.ts.map
npm notice 2.6kB dist/types/internal/Subject.d.ts
npm notice 1.1kB dist/types/internal/Subject.d.ts.map
npm notice 3.6kB dist/types/internal/Subscriber.d.ts
npm notice 1.5kB dist/types/internal/Subscriber.d.ts.map
npm notice 4.4kB dist/types/internal/Subscription.d.ts
npm notice 832B dist/types/internal/Subscription.d.ts.map
npm notice 130B dist/types/internal/symbol/iterator.d.ts
npm notice 200B dist/types/internal/symbol/iterator.d.ts.map
npm notice 367B dist/types/internal/symbol/observable.d.ts
npm notice 198B dist/types/internal/symbol/observable.d.ts.map
npm notice 735B dist/types/internal/testing/ColdObservable.d.ts
npm notice 739B dist/types/internal/testing/ColdObservable.d.ts.map
npm notice 642B dist/types/internal/testing/HotObservable.d.ts
npm notice 657B dist/types/internal/testing/HotObservable.d.ts.map
npm notice 216B dist/types/internal/testing/SubscriptionLog.d.ts
npm notice 260B dist/types/internal/testing/SubscriptionLog.d.ts.map
npm notice 336B dist/types/internal/testing/SubscriptionLoggable.d.ts
npm notice 380B dist/types/internal/testing/SubscriptionLoggable.d.ts.map
npm notice 214B dist/types/internal/testing/TestMessage.d.ts
npm notice 309B dist/types/internal/testing/TestMessage.d.ts.map
npm notice 4.3kB dist/types/internal/testing/TestScheduler.d.ts
npm notice 2.5kB dist/types/internal/testing/TestScheduler.d.ts.map
npm notice 11.4kB dist/types/internal/types.d.ts
npm notice 6.1kB dist/types/internal/types.d.ts.map
npm notice 120B dist/types/internal/util/applyMixins.d.ts
npm notice 206B dist/types/internal/util/applyMixins.d.ts.map
npm notice 335B dist/types/internal/util/args.d.ts
npm notice 426B dist/types/internal/util/args.d.ts.map
npm notice 496B dist/types/internal/util/argsArgArrayOrObject.d.ts
npm notice 401B dist/types/internal/util/argsArgArrayOrObject.d.ts.map
npm notice 244B dist/types/internal/util/argsOrArgArray.d.ts
npm notice 254B dist/types/internal/util/argsOrArgArray.d.ts.map
npm notice 719B dist/types/internal/util/ArgumentOutOfRangeError.d.ts
npm notice 320B dist/types/internal/util/ArgumentOutOfRangeError.d.ts.map
npm notice 258B dist/types/internal/util/arrRemove.d.ts
npm notice 245B dist/types/internal/util/arrRemove.d.ts.map
npm notice 572B dist/types/internal/util/createErrorClass.d.ts
npm notice 255B dist/types/internal/util/createErrorClass.d.ts.map
npm notice 116B dist/types/internal/util/createObject.d.ts
npm notice 213B dist/types/internal/util/createObject.d.ts.map
npm notice 629B dist/types/internal/util/EmptyError.d.ts
npm notice 287B dist/types/internal/util/EmptyError.d.ts.map
npm notice 571B dist/types/internal/util/errorContext.d.ts
npm notice 259B dist/types/internal/util/errorContext.d.ts.map
npm notice 454B dist/types/internal/util/executeSchedule.d.ts
npm notice 527B dist/types/internal/util/executeSchedule.d.ts.map
npm notice 1.1kB dist/types/internal/util/identity.d.ts
npm notice 246B dist/types/internal/util/identity.d.ts.map
npm notice 367B dist/types/internal/util/Immediate.d.ts
npm notice 267B dist/types/internal/util/Immediate.d.ts.map
npm notice 109B dist/types/internal/util/isArrayLike.d.ts
npm notice 180B dist/types/internal/util/isArrayLike.d.ts.map
npm notice 124B dist/types/internal/util/isAsyncIterable.d.ts
npm notice 234B dist/types/internal/util/isAsyncIterable.d.ts.map
npm notice 348B dist/types/internal/util/isDate.d.ts
npm notice 206B dist/types/internal/util/isDate.d.ts.map
npm notice 210B dist/types/internal/util/isFunction.d.ts
npm notice 246B dist/types/internal/util/isFunction.d.ts.map
npm notice 269B dist/types/internal/util/isInteropObservable.d.ts
npm notice 292B dist/types/internal/util/isInteropObservable.d.ts.map
npm notice 160B dist/types/internal/util/isIterable.d.ts
npm notice 227B dist/types/internal/util/isIterable.d.ts.map
npm notice 279B dist/types/internal/util/isObservable.d.ts
npm notice 281B dist/types/internal/util/isObservable.d.ts.map
npm notice 202B dist/types/internal/util/isPromise.d.ts
npm notice 224B dist/types/internal/util/isPromise.d.ts.map
npm notice 307B dist/types/internal/util/isReadableStreamLike.d.ts
npm notice 388B dist/types/internal/util/isReadableStreamLike.d.ts.map
npm notice 156B dist/types/internal/util/isScheduler.d.ts
npm notice 242B dist/types/internal/util/isScheduler.d.ts.map
npm notice 720B dist/types/internal/util/lift.d.ts
npm notice 597B dist/types/internal/util/lift.d.ts.map
npm notice 349B dist/types/internal/util/mapOneOrManyArgs.d.ts
npm notice 365B dist/types/internal/util/mapOneOrManyArgs.d.ts.map
npm notice 72B dist/types/internal/util/noop.d.ts
npm notice 146B dist/types/internal/util/noop.d.ts.map
npm notice 161B dist/types/internal/util/not.d.ts
npm notice 295B dist/types/internal/util/not.d.ts.map
npm notice 569B dist/types/internal/util/NotFoundError.d.ts
npm notice 312B dist/types/internal/util/NotFoundError.d.ts.map
npm notice 651B dist/types/internal/util/ObjectUnsubscribedError.d.ts
npm notice 319B dist/types/internal/util/ObjectUnsubscribedError.d.ts.map
npm notice 2.3kB dist/types/internal/util/pipe.d.ts
npm notice 4.0kB dist/types/internal/util/pipe.d.ts.map
npm notice 556B dist/types/internal/util/reportUnhandledError.d.ts
npm notice 218B dist/types/internal/util/reportUnhandledError.d.ts.map
npm notice 585B dist/types/internal/util/SequenceError.d.ts
npm notice 312B dist/types/internal/util/SequenceError.d.ts.map
npm notice 306B dist/types/internal/util/subscribeToArray.d.ts
npm notice 235B dist/types/internal/util/subscribeToArray.d.ts.map
npm notice 276B dist/types/internal/util/throwUnobservableError.d.ts
npm notice 217B dist/types/internal/util/throwUnobservableError.d.ts.map
npm notice 594B dist/types/internal/util/UnsubscriptionError.d.ts
npm notice 372B dist/types/internal/util/UnsubscriptionError.d.ts.map
npm notice 52B dist/types/internal/util/workarounds.d.ts
npm notice 158B dist/types/internal/util/workarounds.d.ts.map
npm notice 7.1kB dist/types/operators/index.d.ts
npm notice 5.1kB dist/types/operators/index.d.ts.map
npm notice 114B dist/types/testing/index.d.ts
npm notice 169B dist/types/testing/index.d.ts.map
npm notice 218B dist/types/webSocket/index.d.ts
npm notice 228B dist/types/webSocket/index.d.ts.map
npm notice 221B fetch/package.json
npm notice 241B operators/package.json
npm notice 8.1kB package.json
npm notice 260B src/ajax/index.ts
npm notice 62B src/fetch/index.ts
npm notice 11.3kB src/index.ts
npm notice 22.0kB src/internal/ajax/ajax.ts
npm notice 4.8kB src/internal/ajax/AjaxResponse.ts
npm notice 3.1kB src/internal/ajax/errors.ts
npm notice 1.1kB src/internal/ajax/getXHRResponse.ts
npm notice 8.8kB src/internal/ajax/types.ts
npm notice 613B src/internal/AnyCatcher.ts
npm notice 1.1kB src/internal/AsyncSubject.ts
npm notice 912B src/internal/BehaviorSubject.ts
npm notice 4.1kB src/internal/config.ts
npm notice 2.6kB src/internal/firstValueFrom.ts
npm notice 2.5kB src/internal/lastValueFrom.ts
npm notice 11.1kB src/internal/Notification.ts
npm notice 1.2kB src/internal/NotificationFactories.ts
npm notice 20.2kB src/internal/Observable.ts
npm notice 6.8kB src/internal/observable/bindCallback.ts
npm notice 4.9kB src/internal/observable/bindCallbackInternals.ts
npm notice 6.0kB src/internal/observable/bindNodeCallback.ts
npm notice 13.4kB src/internal/observable/combineLatest.ts
npm notice 4.5kB src/internal/observable/concat.ts
npm notice 2.3kB src/internal/observable/connectable.ts
npm notice 3.6kB src/internal/observable/ConnectableObservable.ts
npm notice 2.3kB src/internal/observable/defer.ts
npm notice 5.1kB src/internal/observable/dom/animationFrames.ts
npm notice 7.0kB src/internal/observable/dom/fetch.ts
npm notice 10.2kB src/internal/observable/dom/webSocket.ts
npm notice 12.6kB src/internal/observable/dom/WebSocketSubject.ts
npm notice 2.2kB src/internal/observable/empty.ts
npm notice 8.2kB src/internal/observable/forkJoin.ts
npm notice 3.0kB src/internal/observable/from.ts
npm notice 14.5kB src/internal/observable/fromEvent.ts
npm notice 6.9kB src/internal/observable/fromEventPattern.ts
npm notice 559B src/internal/observable/fromSubscribable.ts
npm notice 12.5kB src/internal/observable/generate.ts
npm notice 2.5kB src/internal/observable/iif.ts
npm notice 4.8kB src/internal/observable/innerFrom.ts
npm notice 1.9kB src/internal/observable/interval.ts
npm notice 4.4kB src/internal/observable/merge.ts
npm notice 1.2kB src/internal/observable/never.ts
npm notice 2.8kB src/internal/observable/of.ts
npm notice 3.5kB src/internal/observable/onErrorResumeNext.ts
npm notice 2.8kB src/internal/observable/pairs.ts
npm notice 3.5kB src/internal/observable/partition.ts
npm notice 3.8kB src/internal/observable/race.ts
npm notice 2.7kB src/internal/observable/range.ts
npm notice 4.5kB src/internal/observable/throwError.ts
npm notice 7.1kB src/internal/observable/timer.ts
npm notice 3.0kB src/internal/observable/using.ts
npm notice 4.8kB src/internal/observable/zip.ts
npm notice 290B src/internal/Operator.ts
npm notice 3.4kB src/internal/operators/audit.ts
npm notice 2.4kB src/internal/operators/auditTime.ts
npm notice 2.5kB src/internal/operators/buffer.ts
npm notice 4.0kB src/internal/operators/bufferCount.ts
npm notice 6.4kB src/internal/operators/bufferTime.ts
npm notice 3.5kB src/internal/operators/bufferToggle.ts
npm notice 3.5kB src/internal/operators/bufferWhen.ts
npm notice 4.6kB src/internal/operators/catchError.ts
npm notice 183B src/internal/operators/combineAll.ts
npm notice 1.9kB src/internal/operators/combineLatest.ts
npm notice 2.5kB src/internal/operators/combineLatestAll.ts
npm notice 1.9kB src/internal/operators/combineLatestWith.ts
npm notice 1.0kB src/internal/operators/concat.ts
npm notice 2.2kB src/internal/operators/concatAll.ts
npm notice 3.7kB src/internal/operators/concatMap.ts
npm notice 3.6kB src/internal/operators/concatMapTo.ts
npm notice 1.4kB src/internal/operators/concatWith.ts
npm notice 4.0kB src/internal/operators/connect.ts
npm notice 2.3kB src/internal/operators/count.ts
npm notice 4.9kB src/internal/operators/debounce.ts
npm notice 4.7kB src/internal/operators/debounceTime.ts
npm notice 1.9kB src/internal/operators/defaultIfEmpty.ts
npm notice 2.3kB src/internal/operators/delay.ts
npm notice 4.7kB src/internal/operators/delayWhen.ts
npm notice 2.3kB src/internal/operators/dematerialize.ts
npm notice 3.0kB src/internal/operators/distinct.ts
npm notice 6.9kB src/internal/operators/distinctUntilChanged.ts
npm notice 2.5kB src/internal/operators/distinctUntilKeyChanged.ts
npm notice 2.5kB src/internal/operators/elementAt.ts
npm notice 2.6kB src/internal/operators/endWith.ts
npm notice 2.5kB src/internal/operators/every.ts
npm notice 156B src/internal/operators/exhaust.ts
npm notice 2.0kB src/internal/operators/exhaustAll.ts
npm notice 4.2kB src/internal/operators/exhaustMap.ts
npm notice 3.7kB src/internal/operators/expand.ts
npm notice 3.5kB src/internal/operators/filter.ts
npm notice 2.2kB src/internal/operators/finalize.ts
npm notice 3.6kB src/internal/operators/find.ts
npm notice 2.7kB src/internal/operators/findIndex.ts
npm notice 3.6kB src/internal/operators/first.ts
npm notice 148B src/internal/operators/flatMap.ts
npm notice 11.3kB src/internal/operators/groupBy.ts
npm notice 1.6kB src/internal/operators/ignoreElements.ts
npm notice 2.2kB src/internal/operators/isEmpty.ts
npm notice 1.4kB src/internal/operators/joinAllInternals.ts
npm notice 3.5kB src/internal/operators/last.ts
npm notice 2.6kB src/internal/operators/map.ts
npm notice 1.7kB src/internal/operators/mapTo.ts
npm notice 2.7kB src/internal/operators/materialize.ts
npm notice 1.4kB src/internal/operators/max.ts
npm notice 1.6kB src/internal/operators/merge.ts
npm notice 2.4kB src/internal/operators/mergeAll.ts
npm notice 6.1kB src/internal/operators/mergeInternals.ts
npm notice 3.8kB src/internal/operators/mergeMap.ts
npm notice 2.8kB src/internal/operators/mergeMapTo.ts
npm notice 3.3kB src/internal/operators/mergeScan.ts
npm notice 1.6kB src/internal/operators/mergeWith.ts
npm notice 1.4kB src/internal/operators/min.ts
npm notice 5.0kB src/internal/operators/multicast.ts
npm notice 3.9kB src/internal/operators/observeOn.ts
npm notice 4.2kB src/internal/operators/onErrorResumeNextWith.ts
npm notice 5.0kB src/internal/operators/OperatorSubscriber.ts
npm notice 1.9kB src/internal/operators/pairwise.ts
npm notice 2.8kB src/internal/operators/partition.ts
npm notice 4.4kB src/internal/operators/pluck.ts
npm notice 4.1kB src/internal/operators/publish.ts
npm notice 1.5kB src/internal/operators/publishBehavior.ts
npm notice 3.0kB src/internal/operators/publishLast.ts
npm notice 5.3kB src/internal/operators/publishReplay.ts
npm notice 1.2kB src/internal/operators/race.ts
npm notice 1.3kB src/internal/operators/raceWith.ts
npm notice 2.8kB src/internal/operators/reduce.ts
npm notice 4.7kB src/internal/operators/refCount.ts
npm notice 5.4kB src/internal/operators/repeat.ts
npm notice 4.9kB src/internal/operators/repeatWhen.ts
npm notice 6.5kB src/internal/operators/retry.ts
npm notice 4.1kB src/internal/operators/retryWhen.ts
npm notice 2.3kB src/internal/operators/sample.ts
npm notice 1.9kB src/internal/operators/sampleTime.ts
npm notice 4.1kB src/internal/operators/scan.ts
npm notice 2.3kB src/internal/operators/scanInternals.ts
npm notice 5.6kB src/internal/operators/sequenceEqual.ts
npm notice 11.3kB src/internal/operators/share.ts
npm notice 6.1kB src/internal/operators/shareReplay.ts
npm notice 3.8kB src/internal/operators/single.ts
npm notice 1.2kB src/internal/operators/skip.ts
npm notice 3.8kB src/internal/operators/skipLast.ts
npm notice 2.7kB src/internal/operators/skipUntil.ts
npm notice 2.4kB src/internal/operators/skipWhile.ts
npm notice 2.7kB src/internal/operators/startWith.ts
npm notice 2.1kB src/internal/operators/subscribeOn.ts
npm notice 2.1kB src/internal/operators/switchAll.ts
npm notice 5.5kB src/internal/operators/switchMap.ts
npm notice 3.0kB src/internal/operators/switchMapTo.ts
npm notice 1.9kB src/internal/operators/switchScan.ts
npm notice 2.3kB src/internal/operators/take.ts
npm notice 3.0kB src/internal/operators/takeLast.ts
npm notice 1.9kB src/internal/operators/takeUntil.ts
npm notice 3.1kB src/internal/operators/takeWhile.ts
npm notice 8.6kB src/internal/operators/tap.ts
npm notice 5.2kB src/internal/operators/throttle.ts
npm notice 2.4kB src/internal/operators/throttleTime.ts
npm notice 1.8kB src/internal/operators/throwIfEmpty.ts
npm notice 2.4kB src/internal/operators/timeInterval.ts
npm notice 16.0kB src/internal/operators/timeout.ts
npm notice 4.6kB src/internal/operators/timeoutWith.ts
npm notice 1.6kB src/internal/operators/timestamp.ts
npm notice 1.4kB src/internal/operators/toArray.ts
npm notice 3.2kB src/internal/operators/window.ts
npm notice 4.7kB src/internal/operators/windowCount.ts
npm notice 7.9kB src/internal/operators/windowTime.ts
npm notice 4.5kB src/internal/operators/windowToggle.ts
npm notice 4.3kB src/internal/operators/windowWhen.ts
npm notice 4.8kB src/internal/operators/withLatestFrom.ts
npm notice 1.5kB src/internal/operators/zip.ts
npm notice 828B src/internal/operators/zipAll.ts
npm notice 1.6kB src/internal/operators/zipWith.ts
npm notice 4.8kB src/internal/ReplaySubject.ts
npm notice 949B src/internal/scheduled/scheduleArray.ts
npm notice 902B src/internal/scheduled/scheduleAsyncIterable.ts
npm notice 2.0kB src/internal/scheduled/scheduled.ts
npm notice 2.2kB src/internal/scheduled/scheduleIterable.ts
npm notice 398B src/internal/scheduled/scheduleObservable.ts
npm notice 370B src/internal/scheduled/schedulePromise.ts
npm notice 462B src/internal/scheduled/scheduleReadableStreamLike.ts
npm notice 2.5kB src/internal/Scheduler.ts
npm notice 1.3kB src/internal/scheduler/Action.ts
npm notice 1.4kB src/internal/scheduler/animationFrame.ts
npm notice 2.2kB src/internal/scheduler/AnimationFrameAction.ts
npm notice 1.6kB src/internal/scheduler/animationFrameProvider.ts
npm notice 1.4kB src/internal/scheduler/AnimationFrameScheduler.ts
npm notice 1.7kB src/internal/scheduler/asap.ts
npm notice 2.1kB src/internal/scheduler/AsapAction.ts
npm notice 1.4kB src/internal/scheduler/AsapScheduler.ts
npm notice 1.6kB src/internal/scheduler/async.ts
npm notice 5.3kB src/internal/scheduler/AsyncAction.ts
npm notice 1.4kB src/internal/scheduler/AsyncScheduler.ts
npm notice 437B src/internal/scheduler/dateTimestampProvider.ts
npm notice 1.1kB src/internal/scheduler/immediateProvider.ts
npm notice 1.1kB src/internal/scheduler/intervalProvider.ts
npm notice 472B src/internal/scheduler/performanceTimestampProvider.ts
npm notice 2.1kB src/internal/scheduler/queue.ts
npm notice 1.7kB src/internal/scheduler/QueueAction.ts
npm notice 107B src/internal/scheduler/QueueScheduler.ts
npm notice 1.1kB src/internal/scheduler/timeoutProvider.ts
npm notice 66B src/internal/scheduler/timerHandle.ts
npm notice 4.3kB src/internal/scheduler/VirtualTimeScheduler.ts
npm notice 5.6kB src/internal/Subject.ts
npm notice 9.0kB src/internal/Subscriber.ts
npm notice 7.6kB src/internal/Subscription.ts
npm notice 215B src/internal/symbol/iterator.ts
npm notice 401B src/internal/symbol/observable.ts
npm notice 2.0kB src/internal/testing/ColdObservable.ts
npm notice 1.8kB src/internal/testing/HotObservable.ts
npm notice 143B src/internal/testing/SubscriptionLog.ts
npm notice 711B src/internal/testing/SubscriptionLoggable.ts
npm notice 168B src/internal/testing/TestMessage.ts
npm notice 25.3kB src/internal/testing/TestScheduler.ts
npm notice 11.7kB src/internal/types.ts
npm notice 598B src/internal/umd.ts
npm notice 406B src/internal/util/applyMixins.ts
npm notice 641B src/internal/util/args.ts
npm notice 986B src/internal/util/argsArgArrayOrObject.ts
npm notice 297B src/internal/util/argsOrArgArray.ts
npm notice 912B src/internal/util/ArgumentOutOfRangeError.ts
npm notice 302B src/internal/util/arrRemove.ts
npm notice 789B src/internal/util/createErrorClass.ts
npm notice 154B src/internal/util/createObject.ts
npm notice 787B src/internal/util/EmptyError.ts
npm notice 1.2kB src/internal/util/errorContext.ts
npm notice 1.2kB src/internal/util/executeSchedule.ts
npm notice 1.0kB src/internal/util/identity.ts
npm notice 1.2kB src/internal/util/Immediate.ts
npm notice 124B src/internal/util/isArrayLike.ts
npm notice 192B src/internal/util/isAsyncIterable.ts
npm notice 363B src/internal/util/isDate.ts
npm notice 203B src/internal/util/isFunction.ts
npm notice 378B src/internal/util/isInteropObservable.ts
npm notice 272B src/internal/util/isIterable.ts
npm notice 503B src/internal/util/isObservable.ts
npm notice 236B src/internal/util/isPromise.ts
npm notice 704B src/internal/util/isReadableStreamLike.ts
npm notice 200B src/internal/util/isScheduler.ts
npm notice 1.1kB src/internal/util/lift.ts
npm notice 539B src/internal/util/mapOneOrManyArgs.ts
npm notice 57B src/internal/util/noop.ts
npm notice 196B src/internal/util/not.ts
npm notice 753B src/internal/util/NotFoundError.ts
npm notice 842B src/internal/util/ObjectUnsubscribedError.ts
npm notice 3.1kB src/internal/util/pipe.ts
npm notice 902B src/internal/util/reportUnhandledError.ts
npm notice 769B src/internal/util/SequenceError.ts
npm notice 389B src/internal/util/subscribeToArray.ts
npm notice 564B src/internal/util/throwUnobservableError.ts
npm notice 972B src/internal/util/UnsubscriptionError.ts
npm notice 338B src/internal/util/workarounds.ts
npm notice 7.0kB src/operators/index.ts
npm notice 137B src/Rx.global.js
npm notice 79B src/testing/index.ts
npm notice 200B src/tsconfig.base.json
npm notice 211B src/tsconfig.cjs.json
npm notice 275B src/tsconfig.cjs.spec.json
npm notice 171B src/tsconfig.esm.json
npm notice 237B src/tsconfig.esm5.json
npm notice 152B src/tsconfig.esm5.rollup.json
npm notice 327B src/tsconfig.types.json
npm notice 140B src/tsconfig.types.spec.json
npm notice 183B src/webSocket/index.ts
npm notice 231B testing/package.json
npm notice 692B tsconfig.json
npm notice 241B webSocket/package.json
npm notice Tarball Details
npm notice name: rxjs
npm notice version: 7.8.1
npm notice filename: rxjs-7.8.1.tgz
npm notice package size: 752.0 kB
npm notice unpacked size: 4.5 MB
npm notice shasum: 6f6f3d99ea8044291efd92e7c7fcf562c4057543
npm notice integrity: sha512-AA3TVj+0A2iuI[...]Z4V079I/qPMxg==
npm notice total files: 2277
npm notice
        3.59 real         0.68 user         0.21 sys
           116740096  maximum resident set size
                   0  average shared memory size
                   0  average unshared data size
                   0  average unshared stack size
               28636  page reclaims
                 629  page faults
                   0  swaps
                   0  block input operations
                   0  block output operations
                  36  messages sent
                  80  messages received
                   0  signals received
                1622  voluntary context switches
                2901  involuntary context switches
          3392107292  instructions retired
          3173997860  cycles elapsed
            69402624  peak memory footprint
[exit code: 0]
[wall seconds: 3.59843]
[peak rss: 116740096 (measured)]
